ip,bandwidth,loss,latency
104.21.211.138,277110,0.20,211
104.24.43.148,448732,0.10,160
162.159.133.212,561780,0.10,242
104.16.84.147,388111,0.00,151
104.17.199.158,318889,0.20,162
104.19.55.248,426614,0.00,153
104.19.152.15,369270,0.30,165
104.21.91.134,345922,0.10,153
104.23.108.21,1920230,0.20,180
104.24.22.242,2112549,0.00,164
104.24.27.240,279977,100.00,0
104.16.109.191,317660,0.10,146
104.16.127.36,4714,100.00,0
104.17.80.40,908,100.00,0
104.18.23.128,421289,100.00,0
104.19.76.76,294722,0.30,156
104.28.156.70,561781,0.10,149
104.31.0.195,726188,100.00,0
172.67.111.46,449961,0.00,165
104.17.157.185,473308,0.00,186
104.18.5.30,286120,0.20,154
104.31.132.50,318480,0.40,201
172.67.231.159,283254,0.30,247
104.23.96.191,152591,100.00,0
104.27.170.0,517545,0.00,144
162.159.230.44,564649,0.20,154
172.67.28.105,547445,0.10,165
104.17.237.106,386063,0.10,145
104.18.62.155,0,100.00,0
104.21.43.247,1868832,0.20,166
104.27.75.151,815570,0.20,189
104.17.33.81,445865,100.00,0
172.64.143.249,434396,0.40,214
172.67.38.121,441769,0.00,188
104.16.246.201,481090,0.00,164
104.18.204.177,508942,0.10,152
104.19.193.124,492969,0.10,154
104.28.1.110,394665,0.10,153
104.27.29.114,401628,0.20,153
104.28.202.23,528194,100.00,0
172.64.94.123,330357,0.00,196
104.16.105.254,565468,0.00,141
104.16.134.50,290217,0.10,156
104.17.163.75,708009,0.40,160
104.20.95.175,327081,0.10,190
104.24.254.40,316021,0.20,148
104.25.127.6,587177,0.10,190
104.25.182.98,495017,0.00,154
104.16.11.88,502798,0.10,152
104.17.102.159,375413,0.10,159
104.17.164.153,517545,100.00,0
104.19.147.170,381094,0.00,146
104.21.238.250,193142,0.10,168
104.24.209.154,602742,0.00,140
104.25.251.116,409001,0.00,199
104.27.25.210,716334,0.00,196
104.16.152.15,490512,0.20,155
104.17.89.152,334044,0.10,184
104.19.171.152,370908,100.00,0
104.22.15.63,422108,0.10,154
104.24.156.24,0,0.10,150
104.31.148.83,593730,0.00,168
104.31.199.106,284482,100.00,0
172.67.203.111,522050,100.00,0
104.16.54.250,399990,100.00,0
104.16.158.255,165699,0.00,142
104.18.175.227,194,0.10,142
104.28.215.30,242294,0.00,163
104.17.95.76,400399,0.10,170
104.23.128.208,2099806,0.00,143
172.67.114.157,473308,0.00,194
172.67.205.89,679746,0.00,168
104.25.41.241,465525,100.00,0
104.27.69.16,323804,0.10,172
104.31.197.196,958922,0.10,166
104.16.8.175,806174,0.00,151
104.16.108.41,448732,0.30,175
104.20.18.121,308649,100.00,0
104.20.124.232,297999,100.00,0
104.20.187.152,392207,0.10,190
104.17.0.64,303324,100.00,0
104.21.62.138,279977,0.00,157
104.31.224.107,250895,0.10,165
172.67.219.244,305782,0.10,183
172.67.227.52,247618,100.00,0
104.17.71.44,393026,0.10,177
104.17.140.45,842796,0.30,159
104.20.21.21,463478,0.10,153
104.20.116.43,584719,100.00,0
104.24.36.140,382786,0.00,174
104.16.65.159,241474,100.00,0
104.18.57.28,0,0.30,168
104.24.113.129,691625,0.10,236
104.27.11.118,368860,0.00,174
104.24.90.250,311106,0.00,153
104.17.107.25,504847,100.00,0
104.19.113.247,565468,0.20,213
162.159.208.67,434805,0.00,159
172.67.35.119,465525,0.00,163
104.17.148.220,476585,0.00,151
104.18.84.200,551951,100.00,0
104.24.184.30,345922,0.00,165
104.28.70.166,349199,0.10,149
104.17.111.95,375004,0.00,163
104.20.241.208,395484,0.00,179
104.28.234.198,987641,0.00,166
172.67.139.79,479862,0.00,163
104.16.232.172,296361,0.20,162
104.21.231.230,343465,0.30,154
104.24.109.76,350018,100.00,0
104.28.152.194,419650,0.20,148
104.31.153.168,291446,0.30,231
104.25.104.31,1192216,0.00,168
104.25.252.27,293903,0.00,193
104.27.156.93,387702,100.00,0
104.18.236.143,263593,0.00,174
104.18.251.52,550313,0.10,155
104.19.63.233,352886,0.10,222
104.22.55.230,266050,0.40,152
104.24.224.176,527785,0.00,185
104.25.14.228,290626,0.40,187
104.27.10.72,316431,0.30,207
104.31.4.204,531881,0.40,160
198.41.209.79,163,100.00,0
104.26.13.19,451599,0.20,155
104.31.64.244,412686,0.10,189
104.16.146.60,172032,100.00,0
104.17.108.46,363126,0.10,153
104.17.230.23,821598,0.10,176
104.24.192.185,188636,0.10,168
104.25.78.160,311106,0.10,167
104.18.85.42,497884,0.40,167
104.18.190.11,396713,0.00,170
104.19.150.237,422109,0.10,157
104.27.98.178,492559,100.00,0
104.28.244.21,518364,0.00,176
104.16.114.249,433577,0.00,159
104.18.77.66,532290,0.00,143
104.20.78.203,372137,0.10,158
104.27.30.232,517135,0.10,226
104.31.236.212,275061,0.20,196
172.67.144.190,2079576,0.10,210
172.67.145.64,317250,0.10,207
198.41.211.48,761287,0.20,246
104.16.237.140,526146,0.10,154
104.18.3.24,489282,0.00,150
104.20.232.194,780049,100.00,0
104.22.28.250,189046,0.00,149
104.27.130.71,888038,0.30,216
104.27.7.117,561372,100.00,0
172.67.141.152,634690,0.00,227
104.17.133.155,508943,0.30,178
104.17.192.226,1889326,0.00,142
104.18.131.191,449141,0.10,171
104.21.41.208,224681,100.00,0
104.25.131.128,484366,0.10,158
104.16.58.30,344284,0.20,168
104.25.80.34,1192442,100.00,0
104.28.154.166,449551,100.00,0
104.28.208.210,433986,0.00,164
104.31.72.143,314793,0.00,145
104.23.129.117,330767,0.10,152
104.25.44.190,332406,0.10,178
104.27.161.19,508124,0.40,155
104.16.23.47,457743,100.00,0
104.16.211.14,358210,0.00,165
104.19.151.29,558505,0.20,157
104.20.150.62,404086,0.10,208
104.21.85.236,1319861,0.30,165
104.31.185.26,263593,0.00,202
162.159.255.0,373365,0.10,182
104.16.161.14,265641,0.20,193
104.27.154.2,351655,0.10,162
172.67.59.78,604789,0.00,170
104.19.59.235,483958,0.10,167
104.21.57.134,406953,0.20,152
104.25.117.171,381148,0.20,163
104.27.3.36,2392102,0.20,147
172.67.21.179,506486,0.00,173
104.31.216.191,468391,100.00,0
172.67.173.40,497065,100.00,0
104.17.50.201,567925,0.20,156
104.17.216.92,1353743,0.00,149
104.19.144.50,321,0.10,147
104.25.25.8,322165,0.10,178
104.31.88.15,726397,0.00,198
104.16.153.113,2239878,0.00,146
104.18.9.58,491330,0.00,170
104.22.35.214,444636,0.00,157
172.64.192.59,607657,0.10,201
172.67.188.156,340188,0.10,179
104.16.163.62,429481,0.00,206
104.18.130.70,593730,0.10,156
104.20.144.160,458153,0.00,153
104.23.135.35,473717,0.00,179
172.67.117.135,279157,0.00,212
104.17.174.137,534338,0.00,175
104.19.121.207,410230,0.10,227
104.23.131.51,440950,0.10,159
104.25.202.170,433167,0.20,139
162.159.249.134,581852,0.10,193
162.159.245.94,592911,0.10,164
104.18.10.77,309058,0.30,169
104.19.32.245,375414,0.10,153
104.25.192.47,388110,0.10,177
104.31.13.209,571612,0.20,156
104.31.166.73,616258,0.00,153
104.16.206.84,769054,0.30,164
104.17.161.221,402855,0.10,141
104.21.0.110,343874,0.00,178
104.25.235.14,295542,100.00,0
172.64.171.120,239017,100.00,0
104.24.237.4,409001,100.00,0
104.25.229.77,644930,0.20,144
172.67.169.40,719948,0.10,147
104.18.104.199,579393,0.10,142
104.19.1.203,591273,0.00,145
104.19.43.161,366402,0.00,180
104.21.110.89,453647,0.10,154
104.24.60.105,520002,0.00,155
104.22.45.148,262362,0.00,166
104.24.106.39,261135,0.00,138
104.28.176.82,477812,100.00,0
104.17.67.76,317250,0.10,168
104.17.100.187,590863,0.10,156
104.18.119.151,268098,100.00,0
104.18.248.33,507305,0.00,141
104.20.22.242,576937,0.20,152
104.28.201.73,503151,0.00,154
104.31.179.38,493378,0.20,153
104.16.35.253,397531,0.10,197
104.16.63.233,631824,100.00,0
104.16.156.98,17036,0.00,0
104.20.133.60,495426,100.00,0
104.31.192.250,1238735,0.10,151
104.31.251.19,271374,0.00,165
104.17.42.240,1577754,100.00,0
104.19.19.128,383196,0.10,163
104.20.19.172,519593,100.00,0
104.20.161.54,372956,100.00,0
104.28.170.13,456103,0.30,154
104.20.29.240,520002,0.30,162
104.20.205.4,452009,0.30,161
104.23.138.140,182901,0.20,150
172.67.34.56,513858,100.00,0
104.16.55.103,362,100.00,0
104.21.99.126,365174,0.40,141
104.28.57.26,544988,0.00,167
172.64.89.37,620354,0.00,177
172.67.42.92,317660,0.00,146
104.31.73.119,454466,0.00,153
104.31.243.65,671964,0.10,255
104.16.38.146,376233,0.10,156
104.20.125.0,251714,100.00,0
104.21.66.235,0,100.00,0
104.25.65.20,365174,0.30,170
104.25.145.169,474537,0.10,139
104.27.185.4,431939,0.00,231
104.28.129.217,225909,0.20,219
172.67.138.105,596597,0.00,0
104.16.197.245,374185,0.10,142
104.24.178.143,299637,0.20,159
104.25.189.187,583900,0.00,150
104.25.203.72,300457,0.10,173
104.25.240.45,347970,0.00,201
104.17.229.204,455285,100.00,0
104.19.95.223,526964,0.20,212
104.28.30.164,391798,0.00,155
104.28.99.159,392207,0.20,194
104.27.112.50,294313,0.20,169
172.64.105.136,299636,0.00,161
104.19.98.66,487644,100.00,0
104.19.183.119,370498,0.00,159
104.21.194.9,437263,0.20,148
104.22.33.79,340188,0.30,179
104.24.101.132,293084,0.00,165
104.27.171.250,1698808,0.20,174
104.27.166.62,284482,0.40,167
172.67.222.94,455286,0.20,222
104.17.205.218,281615,0.50,152
104.19.52.75,420879,0.00,181
104.19.153.62,155868,0.30,188
104.27.2.22,419241,0.00,200
104.27.61.25,327900,0.30,141
172.64.203.107,495836,0.10,191
172.67.206.89,283254,0.20,188
104.20.166.19,337321,0.10,174
104.24.73.209,458153,0.20,154
104.24.141.160,252124,0.10,185
104.28.113.246,487644,0.00,155
104.31.241.71,509353,0.10,174
198.41.223.232,567926,0.10,153
104.19.53.25,486415,0.20,167
104.24.166.244,501980,0.20,165
104.24.217.238,449141,0.00,159
104.31.90.77,615440,100.00,0
104.31.140.229,372956,0.10,136
104.25.231.177,340188,0.20,174
104.27.162.218,344693,0.10,140
172.64.197.216,356162,0.00,162
104.17.128.154,484777,100.00,0
104.18.76.22,295951,0.30,194
104.22.41.252,311516,0.00,159
104.31.151.218,404905,0.00,161
104.22.30.22,438901,0.00,166
104.24.196.205,368860,0.10,188
104.27.150.23,295541,0.00,187
104.16.83.233,1114786,0.10,166
104.18.41.193,592911,0.00,211
104.19.119.115,304962,0.10,168
104.20.80.141,490511,0.10,143
104.20.163.252,976936,0.30,162
104.25.130.226,564648,100.00,0
104.31.162.191,368041,0.00,151
104.16.52.17,418832,100.00,0
104.16.254.70,471669,0.30,164
104.17.20.80,574070,0.00,164
104.20.93.115,412277,0.20,211
104.20.142.124,377871,0.40,148
104.31.226.254,469622,0.00,166
172.67.210.41,373366,0.10,181
190.93.246.78,194370,0.00,194
104.17.26.7,525327,0.20,144
104.18.209.219,481090,0.10,148
104.20.86.221,302095,0.20,154
104.21.76.148,256630,0.10,162
104.31.5.28,644930,0.00,163
104.19.7.227,563420,100.00,0
104.27.1.183,571612,0.00,142
104.28.241.71,349199,0.30,179
104.31.229.32,318479,0.10,181
172.67.43.93,442178,0.00,168
104.27.190.202,466755,0.10,136
104.31.165.83,483138,0.20,190
104.18.148.19,395074,0.10,168
104.21.109.116,509762,0.10,139
104.21.239.207,411458,0.10,151
104.24.185.204,2094755,0.00,155
104.27.105.171,621993,0.00,154
104.31.93.88,280796,0.10,146
104.31.156.18,548265,0.10,163
172.64.73.11,492148,0.30,196
104.16.183.182,316022,0.10,151
104.22.37.232,522869,0.20,153
104.27.39.128,1132121,0.20,158
104.27.176.93,426968,0.20,166
104.31.82.107,435625,0.00,199
172.67.78.189,493378,0.00,218
104.24.189.170,384015,0.30,166
104.24.215.151,377871,0.20,169
104.27.192.32,549084,0.20,165
104.16.250.111,501570,0.00,144
104.18.116.28,282025,100.00,0
104.19.143.28,507305,0.10,178
104.21.204.216,352476,0.00,152
104.24.160.147,325442,0.00,169
104.19.127.210,1516308,0.20,141
104.20.14.47,485596,0.00,216
104.28.104.62,649026,0.10,165
104.28.126.101,726748,0.40,153
172.67.81.54,709609,0.00,188
104.17.138.110,557686,100.00,0
104.17.241.163,346741,0.30,148
104.22.11.179,314383,0.30,178
104.27.90.71,1472682,0.00,204
104.27.137.147,420058,0.10,240
104.24.80.42,428252,0.10,153
104.24.150.220,257039,100.00,0
104.31.77.214,493788,100.00,0
104.18.121.60,513039,0.30,147
104.18.214.70,345922,0.20,143
104.19.60.159,465116,100.00,0
104.19.216.164,508124,0.10,148
104.21.197.229,304962,100.00,0
172.64.98.60,431119,0.00,222
104.25.86.127,424156,100.00,0
104.27.9.148,394665,0.20,167
162.159.241.156,468802,0.10,165
104.18.52.107,674421,100.00,0
104.18.163.0,314383,100.00,0
104.19.15.229,524918,0.00,162
104.19.202.240,456924,0.10,160
104.22.48.65,189455,0.00,155
104.17.41.200,428661,0.30,148
104.17.233.213,488873,0.10,176
104.31.253.46,238607,0.00,180
104.21.18.61,274652,100.00,0
104.21.218.111,265231,0.20,164
104.24.5.190,1881195,0.10,153
104.16.50.151,382377,100.00,0
104.19.5.99,438492,0.00,162
104.19.165.119,361,0.10,155
104.19.222.154,384834,0.20,167
104.21.4.235,114498,0.10,167
172.67.161.185,524507,0.20,160
104.16.215.77,720,0.00,169
104.18.178.199,1168821,0.20,173
104.19.255.185,466345,0.00,190
104.24.111.15,285301,100.00,0
104.24.134.119,542121,0.00,147
162.159.210.234,571202,0.30,216
172.67.179.66,499932,0.10,177
104.16.173.225,434396,0.00,178
104.16.184.88,617897,0.10,158
104.20.9.172,295951,0.50,143
104.28.101.153,361078,0.10,188
104.31.8.185,424156,0.00,193
104.25.17.172,256220,0.10,174
104.31.71.32,548674,0.10,156
104.31.239.231,434805,0.20,165
104.16.47.21,512630,100.00,0
104.16.229.34,576117,100.00,0
104.17.21.168,297999,0.20,163
104.19.31.141,609705,0.30,161
104.22.10.57,233282,0.10,140
172.64.175.71,375413,0.10,174
172.67.89.233,515497,0.00,175
104.17.22.28,486005,100.00,0
104.24.233.190,967769,100.00,0
104.31.167.183,229186,0.10,144
172.67.61.135,438902,0.30,159
172.67.226.70,145628,0.10,203
104.16.199.111,382786,0.10,157
104.17.171.89,0,0.00,0
104.19.194.172,620764,0.20,149
104.20.107.11,979261,0.10,163
104.24.177.219,276290,0.10,169
104.27.195.84,561781,0.20,165
172.67.238.157,445455,0.00,157
104.16.119.13,304962,0.10,152
104.17.47.39,599465,0.00,153
104.20.11.6,387292,100.00,0
104.24.212.53,561781,0.20,144
104.25.6.167,602741,0.00,188
104.28.60.53,528604,0.00,186
104.17.8.117,329539,100.00,0
104.18.211.67,499113,0.30,179
104.20.77.58,400809,0.10,154
104.21.113.125,382786,0.10,178
104.27.189.46,541712,0.00,157
104.22.12.180,273014,0.10,155
104.28.175.107,648617,0.10,163
104.31.154.98,504847,0.00,151
104.17.92.204,169794,0.20,193
104.19.77.153,1772397,100.00,0
104.19.170.33,354,0.00,153
104.21.67.28,428662,0.00,238
104.21.70.162,444225,0.30,137
104.17.79.169,432348,0.00,208
104.17.232.143,240245,0.20,195
104.19.73.11,1784760,100.00,0
104.19.162.126,596597,0.10,153
141.101.115.65,522460,0.10,153
104.18.157.209,427433,0.00,0
104.19.106.211,471669,100.00,0
104.25.250.244,379510,0.00,143
104.27.181.191,264822,0.30,177
172.64.161.0,311926,0.10,194
172.67.187.77,283663,0.00,173
104.16.66.34,419650,0.10,161
104.16.113.195,420879,0.00,141
104.20.89.5,395074,0.10,148
104.21.14.184,467983,0.10,167
104.27.128.246,396657,0.20,247
104.19.161.26,366402,0.10,150
104.25.106.127,486006,0.20,153
172.64.99.249,506076,0.20,184
104.16.27.53,607657,0.60,142
104.20.83.169,532700,0.00,179
104.20.126.138,426204,0.30,163
104.28.206.167,1594583,0.00,157
104.20.97.197,587177,0.10,154
104.27.19.123,382377,0.00,153
104.16.200.9,599465,0.20,178
104.18.55.35,508943,0.10,0
104.18.254.116,596188,0.10,171
104.19.177.59,443817,0.10,179
104.20.45.146,387701,0.30,177
104.17.40.251,384425,0.30,165
104.22.17.84,1216869,0.10,154
104.24.144.148,309468,0.10,140
104.27.67.24,734369,0.00,160
104.28.191.39,390159,0.00,164
172.67.252.117,586358,0.00,241
104.16.136.207,443407,0.20,151
104.25.13.134,416373,100.00,0
104.25.102.224,597007,100.00,0
104.28.119.100,426204,0.20,169
104.28.131.7,395893,0.10,207
104.21.236.201,192322,0.00,152
104.24.175.214,430709,0.00,159
104.27.143.220,381146,0.00,222
104.17.124.92,412277,0.20,0
104.17.139.156,803129,0.20,142
104.17.215.117,405724,0.00,144
104.19.131.252,214031,0.60,166
104.21.122.191,294722,0.40,169
104.28.64.5,255810,0.20,218
104.28.217.158,392207,0.10,154
104.28.219.98,363945,0.10,172
172.64.169.0,416783,0.10,205
104.16.43.222,393027,100.00,0
104.23.143.60,417602,0.20,151
104.25.52.45,490511,100.00,0
104.25.88.6,535975,0.00,166
104.17.165.125,1314811,0.20,147
104.18.122.118,363535,0.20,142
104.20.157.241,318889,100.00,0
104.24.92.121,364354,0.20,179
104.27.186.22,512630,0.20,172
104.31.91.220,299228,0.20,209
104.17.3.155,545398,100.00,0
104.18.123.112,618716,0.10,149
104.22.51.180,2335553,0.10,153
104.27.22.42,491330,0.10,155
104.27.175.161,551951,0.10,179
104.28.158.3,387292,100.00,0
104.31.1.3,338140,0.20,161
172.67.51.181,437263,0.00,155
104.16.44.228,675651,0.00,165
104.24.44.164,432348,0.30,151
104.27.64.154,536796,0.00,166
104.27.131.192,300865,0.00,214
104.28.8.181,220585,0.00,151
104.31.198.228,487644,0.20,177
104.18.115.20,1082,0.00,176
104.24.66.27,499522,0.10,179
104.24.163.220,486006,0.20,176
104.25.167.22,714603,0.00,169
104.27.88.244,235740,0.20,149
104.17.61.110,402857,0.10,179
104.20.129.92,355753,0.20,154
104.20.169.249,461429,0.10,192
104.21.69.248,515497,0.20,155
162.159.237.219,518773,0.20,154
104.16.53.200,482729,100.00,0
104.16.82.43,483958,0.00,160
104.20.197.89,510991,0.10,162
104.28.199.184,528194,0.10,169
104.31.74.77,431119,0.10,200
172.67.15.109,305372,0.00,182
104.16.116.118,268918,100.00,0
104.17.228.7,497065,0.10,166
104.20.90.64,375004,0.00,174
104.22.18.176,599465,0.20,159
104.24.137.106,483957,0.10,168
104.19.234.241,352886,0.20,171
104.24.168.133,329538,0.10,159
104.28.24.74,350838,0.10,156
172.64.195.41,508943,0.00,163
172.67.4.182,301685,0.10,174
104.16.122.214,1251404,0.10,164
104.21.36.241,2506353,0.10,155
104.24.238.246,472079,0.00,178
104.25.171.135,489692,0.20,143
104.28.75.186,323394,0.20,162
104.20.50.83,511810,0.10,163
104.24.39.2,293493,100.00,0
104.24.145.128,347151,0.10,213
104.25.166.44,586767,100.00,0
104.31.189.172,492969,0.10,154
104.17.127.21,555228,100.00,0
104.17.240.4,628137,0.10,153
104.18.34.181,1521873,0.10,144
104.18.24.8,441360,0.20,145
104.23.112.108,274242,0.00,186
172.64.67.189,544988,100.00,0
172.67.18.140,440949,0.10,166
172.67.148.246,397122,0.00,210
104.22.61.157,406543,0.10,154
104.24.59.127,414325,0.10,175
104.28.190.80,557276,0.00,141
104.19.206.145,449961,0.10,143
104.20.91.38,398761,100.00,0
104.20.134.17,487234,100.00,0
104.21.1.210,434806,0.00,178
104.21.97.111,355343,0.00,152
190.93.247.246,350838,0.30,196
172.64.108.171,428661,0.00,186
172.67.19.234,346741,0.00,0
104.16.3.57,288577,0.00,200
104.19.242.129,408591,0.30,0
104.21.9.241,241474,0.20,163
104.28.184.85,601103,0.00,162
162.159.231.248,583490,0.10,181
104.18.64.79,616668,0.00,151
104.24.117.35,399580,0.20,200
104.27.42.255,626498,0.00,164
104.31.246.91,2067571,0.00,151
172.67.174.90,339369,0.00,165
104.28.81.78,258268,100.00,0
104.16.95.141,8,0.10,152
104.16.186.90,629366,0.10,213
104.17.251.53,442996,0.20,154
104.23.99.88,467983,0.00,202
104.25.181.224,452828,100.00,0
104.20.118.142,479042,0.30,154
104.20.253.205,213622,100.00,0
104.21.38.166,293494,0.20,152
104.16.226.8,824377,100.00,0
104.18.106.240,551951,0.00,174
104.18.198.219,604380,0.40,180
104.19.69.96,1305359,0.10,179
104.20.64.138,575298,100.00,0
104.18.54.246,362306,0.30,149
104.19.13.61,636738,100.00,0
104.31.222.91,466345,100.00,0
172.67.77.77,508534,0.10,195
104.27.100.196,299228,0.10,153
104.31.183.186,457334,0.10,154
104.19.10.135,338140,0.00,166
104.19.34.36,632233,0.10,142
104.19.203.247,775235,0.00,149
104.20.147.211,0,0.20,149
104.24.140.8,538434,0.40,143
104.31.233.63,374185,0.40,186
172.67.116.247,438492,0.00,188
172.67.207.45,508478,0.00,146
104.16.29.219,609705,100.00,0
104.18.240.179,321346,0.10,152
104.25.60.65,396247,0.00,158
104.25.246.160,362306,0.00,171
104.27.158.141,264821,0.00,159
104.20.96.248,222633,0.10,181
104.20.102.50,369679,0.40,151
172.64.165.191,361897,0.20,143
104.20.245.225,329948,0.00,154
104.25.77.84,457334,0.20,158
172.67.119.14,696948,0.00,166
172.67.142.125,338549,0.00,176
104.24.218.90,471669,100.00,0
104.25.138.123,460201,0.10,155
104.27.116.31,526146,0.20,163
104.16.59.189,399171,100.00,0
104.17.28.26,307828,0.00,153
104.18.4.215,587586,0.10,164
104.19.168.2,508124,0.00,0
104.24.193.155,964332,0.10,169
104.28.238.174,549903,0.00,153
172.64.71.242,355343,0.00,159
104.19.14.120,599465,0.10,163
104.20.12.178,693673,100.00,0
104.22.72.133,245570,0.00,140
104.31.89.202,975890,0.00,167
104.18.189.50,1333,0.00,154
104.19.39.192,321346,0.10,185
104.28.242.145,594140,0.20,180
104.25.216.16,393846,0.00,179
104.16.104.245,261545,0.10,146
104.17.182.155,376233,0.00,158
104.18.72.242,460610,0.00,150
104.20.244.92,292674,0.30,175
104.21.230.188,0,0.20,164
104.17.190.218,744582,0.00,198
104.31.225.139,311516,0.00,177
104.21.116.211,397532,0.20,142
104.25.47.11,411458,0.00,154
104.27.180.133,71081,0.10,180
104.16.96.126,408182,0.30,158
104.19.146.176,483548,0.10,156
104.20.212.105,801760,0.00,168
104.20.247.5,317250,0.30,151
104.21.50.212,511401,0.10,170
172.67.236.195,810415,0.10,194
198.41.208.5,402038,0.30,177
104.20.189.225,325442,0.30,168
104.24.88.61,1988141,0.10,144
104.24.232.230,449140,0.00,166
104.16.26.247,514268,100.00,0
104.16.74.7,371317,100.00,0
104.16.216.220,535977,0.00,162
104.17.38.254,321756,0.20,155
104.18.30.129,570384,0.10,162
104.25.40.33,512220,0.30,167
104.31.182.189,681794,0.30,153
162.159.228.26,470031,0.20,177
172.64.87.198,289397,0.00,186
172.67.87.214,243113,0.00,168
172.67.208.128,442532,0.00,200
104.18.32.28,477404,0.10,147
104.18.93.25,521231,0.00,156
104.18.145.49,308,0.10,153
104.24.87.153,297180,0.20,152
104.27.179.106,381968,100.00,0
104.18.53.49,0,0.20,143
104.18.71.174,439,0.00,212
104.19.104.153,299228,0.00,188
104.21.92.31,214850,0.20,183
104.28.239.153,354114,0.00,192
198.41.220.230,240655,0.00,225
104.17.110.234,486825,0.10,185
104.18.120.151,541301,0.00,178
104.19.225.154,681794,0.20,139
104.20.103.138,385244,0.20,152
104.25.39.178,683023,0.20,174
172.64.79.177,562601,0.00,163
172.64.166.212,541711,0.40,0
172.67.95.199,402037,0.00,203
104.18.16.248,539664,0.10,153
104.19.167.165,505665,0.00,151
104.26.15.106,509762,0.00,164
104.31.66.76,517545,0.00,176
104.31.238.133,220583,0.00,226
172.67.202.60,463066,0.10,182
172.67.240.54,318889,0.00,171
104.22.59.128,295951,0.10,186
104.22.70.163,316431,0.00,138
104.24.206.83,559324,0.00,0
104.19.195.130,500751,0.20,154
104.20.10.99,481090,0.00,153
104.20.141.81,408181,100.00,0
104.20.191.165,633052,0.00,142
104.21.39.127,286530,100.00,0
104.24.208.60,383196,0.20,179
104.26.2.247,605199,100.00,0
104.27.107.110,475765,100.00,0
162.159.251.9,585948,0.10,174
104.28.221.195,485596,0.10,153
172.67.69.27,549084,0.00,0
104.17.23.206,330358,0.00,187
104.18.140.201,602332,0.10,153
104.19.29.94,325033,0.10,219
104.20.156.245,140303,0.40,159
104.25.49.190,419650,0.00,162
172.67.9.52,306191,0.00,168
172.67.13.93,177167,0.10,163
104.17.7.94,434396,100.00,0
104.20.87.57,610933,0.20,154
104.20.148.46,240245,0.20,169
104.21.107.87,445865,100.00,0
104.27.174.203,831179,0.20,154
104.27.118.174,567925,0.00,148
104.27.127.74,367221,0.10,193
172.67.102.212,418012,0.10,183
104.17.9.230,334454,0.10,166
104.22.44.46,308239,0.10,145
104.24.69.255,466345,100.00,0
104.25.124.208,791365,100.00,0
104.25.190.200,431529,0.00,168
104.17.68.94,353,0.10,165
104.20.243.57,461839,0.20,167
104.28.143.101,516725,0.10,178
104.31.7.146,579394,0.20,177
104.31.87.210,543760,0.10,145
104.17.142.253,379100,100.00,0
104.27.5.219,370908,0.00,168
104.28.140.30,361486,100.00,0
104.31.176.95,399580,0.20,184
172.64.129.226,415964,0.10,158
104.18.186.200,327900,100.00,0
104.21.17.237,124329,0.30,178
104.28.214.142,493378,0.30,153
104.18.231.75,418421,0.00,167
104.19.49.220,598236,0.00,163
104.19.187.94,599874,0.00,144
104.16.32.76,450369,100.00,0
104.17.46.76,636329,0.10,157
104.17.131.74,458562,100.00,0
104.17.213.17,662133,0.00,162
104.18.220.223,351657,0.20,142
104.27.205.114,448732,0.00,179
162.159.235.14,351247,0.20,187
162.159.227.68,253353,0.20,175
172.67.55.213,475766,0.00,0
104.16.142.207,402038,0.10,203
104.25.154.194,381148,0.10,146
104.26.12.164,501161,100.00,0
104.28.248.209,501980,0.10,163
104.31.135.252,327081,0.00,157
104.21.219.221,362716,0.00,159
104.23.136.158,338958,100.00,0
104.27.119.214,599055,0.10,153
104.16.137.88,343055,0.20,148
104.17.121.19,440539,0.20,167
104.17.170.139,294313,0.00,151
104.18.155.11,472489,100.00,0
104.19.253.213,418422,0.00,140
104.27.153.104,331996,0.20,166
162.159.229.55,278748,0.20,173
172.67.17.53,217717,0.10,153
172.64.206.79,464297,0.20,154
104.20.26.69,665001,100.00,0
104.20.224.120,302914,0.00,155
104.27.44.179,419650,0.00,178
104.28.109.170,395894,0.40,180
172.64.93.178,692853,0.00,167
104.24.213.88,531471,0.10,0
104.28.45.122,362716,0.00,203
104.16.118.234,551542,0.20,167
104.16.166.64,259906,0.20,164
104.17.224.197,428252,0.20,144
104.18.56.132,514677,0.20,163
104.19.2.226,333225,0.20,155
104.28.103.74,474537,0.10,153
104.31.3.119,489692,0.30,153
104.17.132.14,303324,0.00,204
104.18.127.55,307829,100.00,0
104.20.36.185,366812,100.00,0
104.21.210.190,236969,0.40,154
104.25.191.159,354524,100.00,0
104.17.202.161,307829,0.10,142
104.18.103.111,299637,0.00,151
104.25.120.66,822042,0.10,166
162.159.238.35,421289,0.10,175
104.19.100.95,807492,0.30,143
104.20.111.55,513039,0.00,157
104.17.173.125,462658,0.30,173
104.19.184.101,157,0.00,175
104.28.6.120,386882,0.00,153
172.67.56.194,608066,0.00,151
104.31.203.204,375823,0.10,170
172.67.64.96,787109,0.00,160
104.16.218.37,372137,0.20,160
104.18.26.39,239427,100.00,0
104.23.125.58,432757,0.10,172
104.24.210.38,595778,0.20,196
104.25.245.187,456514,0.20,161
104.19.247.224,361078,100.00,0
104.20.75.207,527375,0.00,217
104.25.30.201,475356,0.00,158
104.25.119.213,363126,0.20,185
104.28.40.30,554818,0.10,167
104.22.7.231,363126,100.00,0
172.67.52.105,448322,0.00,188
104.28.96.221,455694,0.10,168
104.31.201.51,303324,0.10,189
104.16.81.137,433986,0.30,147
104.16.230.245,472079,0.00,152
104.17.175.223,323394,0.40,143
104.19.235.4,257449,0.00,164
104.25.4.191,35444,0.10,161
104.25.33.8,325033,0.00,183
104.25.67.117,451190,0.20,155
104.27.87.186,504437,0.20,150
104.16.149.188,533520,0.00,138
104.19.220.51,592911,0.10,154
104.20.117.22,356162,0.10,163
104.20.173.31,361077,0.10,165
104.24.204.113,401218,0.00,157
104.28.227.217,377870,0.10,173
104.31.218.230,440950,0.20,155
162.159.226.216,254581,100.00,0
104.27.83.94,1343053,0.00,188
104.28.10.36,217717,0.20,202
104.28.144.236,289807,0.10,143
104.17.75.85,386063,0.10,172
104.18.21.75,517955,0.10,156
104.24.86.106,538434,0.20,167
104.24.112.188,2689032,0.30,155
104.25.184.221,475766,0.00,168
104.31.172.38,391388,100.00,0
104.31.250.238,431938,0.10,184
104.16.170.40,268098,0.00,164
104.19.67.92,384425,100.00,0
104.28.150.90,379100,0.00,142
172.67.165.103,299637,0.00,157
104.18.51.6,489281,0.10,144
104.20.203.204,383196,0.10,151
104.21.105.185,336911,0.00,178
104.28.50.60,252124,0.10,153
172.64.72.239,611753,0.10,153
104.28.52.212,433167,0.10,143
104.28.223.208,467164,0.10,183
104.28.228.83,395074,0.10,154
104.16.90.243,287350,0.20,163
104.17.85.201,603561,0.00,144
104.20.128.191,481090,0.40,178
104.24.230.65,492149,0.00,145
104.28.9.125,595778,100.00,0
162.159.211.140,511401,0.10,165
172.64.202.2,518364,0.20,176
104.17.6.70,714742,0.20,175
104.19.197.238,517954,0.00,159
104.25.249.5,397122,0.00,189
104.25.90.200,431529,0.20,142
172.64.132.185,463887,0.10,156
172.64.168.98,304143,0.40,173
104.16.125.91,217718,0.00,167
104.17.88.0,462658,0.20,179
104.17.123.74,492559,0.00,180
104.19.205.156,560553,0.00,155
104.24.108.74,277929,0.20,155
172.67.177.211,354933,0.10,164
104.19.125.98,459381,0.10,175
104.21.127.153,177986,100.00,0
104.24.186.224,356572,100.00,0
104.31.160.199,525327,0.00,163
172.67.32.159,338140,0.00,182
104.28.106.176,514677,0.00,189
104.28.168.73,400399,100.00,0
104.31.215.119,489282,100.00,0
104.16.18.218,673602,0.20,143
104.17.178.13,499111,0.00,185
104.17.189.19,233282,100.00,0
104.19.138.69,380329,0.00,155
104.20.140.4,436444,0.20,142
172.67.155.4,501161,0.10,201
104.31.208.172,271375,0.20,165
104.20.25.251,308239,100.00,0
104.20.33.144,495426,100.00,0
104.20.85.61,613391,0.00,162
104.20.151.30,302505,0.20,190
104.24.226.206,481909,0.00,184
104.25.135.148,297590,100.00,0
104.25.185.232,426614,0.10,151
104.28.153.205,497884,0.00,143
104.17.144.38,530652,0.00,167
104.20.40.174,576937,0.00,173
104.24.195.223,368450,0.00,205
104.25.97.255,460201,0.20,159
104.25.105.3,402036,100.00,0
172.64.111.60,338140,0.20,158
172.67.68.71,409410,0.10,162
104.27.38.100,350018,0.10,176
104.28.63.170,503209,0.10,151
104.19.46.219,585129,0.00,163
104.20.52.198,413916,0.20,150
104.24.53.169,561781,0.10,150
104.25.111.156,531062,0.00,180
104.25.253.6,585538,0.30,153
104.21.28.56,266460,0.10,157
104.21.86.138,332406,0.20,178
104.21.226.99,232873,100.00,0
104.17.32.199,502389,0.30,165
104.18.168.157,484777,100.00,0
104.18.193.39,547855,0.00,155
104.20.211.201,463068,0.20,160
104.21.16.200,513449,0.10,161
172.67.196.145,373775,100.00,0
141.101.123.190,295951,100.00,0
104.16.249.37,829543,0.00,140
104.18.112.91,375,0.10,155
104.21.202.98,431938,0.10,178
104.24.183.2,334044,0.00,178
104.24.201.21,435215,0.00,158
104.16.172.74,287759,0.40,143
104.18.128.136,451599,0.10,178
104.16.12.26,322575,100.00,0
104.16.28.120,429071,0.10,179
104.16.236.72,357801,0.10,164
104.20.196.139,300047,0.10,194
172.67.253.196,429890,0.00,212
104.18.192.33,550313,0.00,158
104.19.26.239,464297,0.20,142
104.20.155.47,593730,0.10,144
104.25.19.16,510581,0.10,158
104.19.12.22,409820,0.30,153
104.20.84.45,343055,0.00,203
104.27.122.29,494607,0.20,163
104.31.220.7,524508,0.10,155
104.23.105.225,301685,0.30,153
104.24.139.17,153001,0.10,168
104.25.143.215,275471,100.00,0
104.27.47.145,499932,0.00,143
104.31.79.207,539254,0.00,0
172.67.8.255,427023,0.10,162
172.67.60.27,636329,100.00,0
172.67.229.232,356982,0.00,196
104.16.139.108,960721,0.00,151
104.16.138.99,278748,0.10,158
104.18.69.113,0,0.00,142
104.19.180.201,428252,0.00,184
104.31.212.51,682614,0.10,173
104.18.15.70,584309,0.00,152
104.18.99.121,493378,0.30,159
104.28.0.166,445046,0.10,160
104.28.83.144,552770,100.00,0
172.67.242.146,348380,0.20,183
104.31.141.194,492149,0.10,156
162.159.233.23,384425,0.30,183
104.16.88.88,425794,0.10,154
104.16.223.6,526965,0.00,164
104.21.212.89,207068,0.10,158
104.24.98.42,392207,0.20,152
104.25.114.234,435215,0.20,164
104.27.135.169,299636,0.10,207
172.67.121.107,441769,0.20,178
104.19.74.151,272604,0.00,142
104.19.141.65,655580,100.00,0
104.20.56.234,499522,100.00,0
104.21.196.62,523689,0.20,159
104.24.79.44,418831,0.20,155
104.17.51.254,523279,0.00,174
104.25.96.67,321756,100.00,0
104.27.49.235,409001,0.00,167
104.27.80.48,474946,100.00,0
172.67.223.113,252534,100.00,0
104.21.35.111,286121,100.00,0
104.24.64.134,530652,0.00,152
104.28.34.62,505257,100.00,0
104.28.178.1,665001,0.00,142
172.67.36.88,568335,0.10,173
104.17.135.60,668277,0.20,148
104.18.136.122,272194,0.40,157
104.25.200.181,338550,0.10,193
172.67.39.235,322983,0.10,196
104.21.232.41,193961,0.20,152
104.24.198.33,446684,0.20,194
104.28.59.158,590863,0.00,180
104.27.96.99,257449,0.10,166
104.27.191.132,561372,100.00,0
104.28.32.34,180033,0.00,193
104.17.34.247,131701,0.10,165
104.19.230.197,535977,0.10,141
104.20.209.180,552770,100.00,0
104.24.242.120,425385,0.00,163
104.25.8.142,479861,100.00,0
172.64.201.17,437263,0.10,0
104.21.71.18,476995,0.40,156
104.25.223.98,259906,0.00,180
104.28.213.93,475356,0.10,165
104.16.103.50,440540,100.00,0
104.17.105.64,274242,0.10,171
104.25.219.251,405724,0.10,194
104.16.210.192,462249,100.00,0
104.19.102.137,409820,0.20,152
104.31.232.84,495017,0.30,191
104.16.145.235,268099,100.00,0
104.20.61.151,356981,0.10,155
104.27.173.18,565878,100.00,0
104.28.111.97,513038,0.00,153
172.67.143.48,293903,0.10,206
104.16.162.199,332815,0.10,163
104.18.117.230,398759,0.10,156
104.18.134.162,480681,0.30,169
104.20.237.92,436034,0.00,178
104.24.84.201,450370,0.10,178
104.24.8.58,262773,0.10,162
104.25.133.120,349609,0.00,191
104.25.148.29,391387,0.00,171
104.16.182.143,1475640,0.30,168
104.17.66.16,285301,100.00,0
104.19.191.42,426,0.00,142
104.20.57.105,324213,0.00,139
104.20.231.71,348380,0.10,148
172.67.164.83,227138,0.20,223
104.27.21.122,356572,0.00,155
104.28.151.102,359439,0.10,171
104.28.246.149,426204,0.20,144
172.64.199.95,429890,0.20,161
172.67.44.125,422108,0.00,179
104.16.251.71,518773,0.00,162
104.22.19.243,368450,100.00,0
104.27.134.206,355751,0.20,248
104.20.204.192,226319,0.10,170
104.21.203.179,300866,0.10,0
104.27.183.73,533520,100.00,0
104.16.131.251,488873,0.00,155
104.18.27.113,346332,0.00,152
104.18.133.233,335273,0.10,252
104.19.41.241,587177,0.00,163
104.19.212.226,345103,100.00,0
104.31.67.203,495426,0.00,187
104.16.56.171,508944,0.10,187
104.16.120.175,547444,0.00,166
104.19.20.201,454876,0.00,155
104.31.180.222,244751,0.00,178
172.67.91.219,409820,0.00,167
104.19.249.44,567516,0.00,195
104.24.30.157,409001,0.00,160
104.24.154.29,451190,100.00,0
104.27.106.244,318889,0.00,155
104.20.131.63,455285,0.30,153
104.21.227.130,314793,0.30,178
104.25.118.150,344284,0.20,193
104.27.187.210,522051,0.10,186
104.25.187.165,438082,0.00,159
104.16.209.143,319298,0.00,158
104.20.122.202,363945,0.10,140
104.24.31.74,453237,0.00,160
104.24.42.228,273833,0.50,142
104.24.116.237,504437,0.10,159
104.31.210.148,389340,100.00,0
104.17.244.34,499,0.30,142
104.20.35.36,412687,0.20,0
104.25.113.155,418831,0.10,159
104.25.215.75,502390,0.20,178
104.28.254.53,361895,0.00,154
104.18.208.175,357801,0.10,164
104.19.231.243,362306,100.00,0
104.20.178.148,2014341,0.10,167
104.20.229.133,325852,0.00,203
172.67.193.174,388111,0.00,196
104.25.239.115,0,100.00,0
172.67.72.126,459381,0.10,197
104.16.16.226,526092,0.00,163
104.17.114.44,1025,0.20,154
104.17.143.206,510582,100.00,0
104.17.168.228,248436,0.00,154
104.20.185.224,145218,0.10,141
104.17.17.212,526146,0.00,184
162.159.247.202,520412,0.10,154
172.64.139.197,591273,100.00,0
172.67.154.180,235740,0.00,191
162.159.254.229,630594,0.10,169
104.20.39.84,475765,0.40,144
104.24.57.207,334044,100.00,0
104.24.130.208,495836,0.20,0
104.24.253.63,472898,0.00,153
104.27.17.23,515497,0.00,156
104.16.154.122,431939,0.10,0
104.17.120.169,292265,0.10,174
104.23.139.231,695721,0.20,174
104.25.168.160,345513,0.10,149
172.67.16.248,359439,0.30,153
104.18.225.196,480681,0.10,209
104.20.217.106,322575,0.00,164
104.24.96.175,369679,100.00,0
104.27.13.201,362306,0.00,154
104.27.124.169,574479,0.10,159
162.159.200.123,404903,0.10,230
104.16.67.75,320527,0.20,176
104.17.90.73,537615,0.50,161
104.19.90.29,369270,0.00,163
104.19.132.34,311106,100.00,0
104.25.54.155,415554,0.00,153
172.67.217.11,263184,0.00,194
104.20.242.150,292265,0.30,198
104.26.5.35,435215,0.10,170
104.27.160.141,347561,0.30,168
104.28.78.233,471669,0.00,157
172.64.128.62,348789,0.00,185
104.21.117.21,418420,0.20,179
104.21.205.195,378281,0.20,177
104.24.46.91,492149,0.00,153
104.17.74.194,334453,0.10,154
104.18.48.128,478223,0.10,153
104.19.114.213,730991,0.40,143
104.20.24.20,400399,0.10,146
104.20.234.205,313154,100.00,0
104.28.243.52,525737,0.00,156
104.31.95.61,668278,0.10,155
172.67.65.105,678108,0.00,160
104.17.18.205,577346,0.20,142
104.20.48.207,560962,0.10,210
104.20.53.87,216898,0.20,173
104.21.126.242,375004,0.10,158
104.27.14.141,300047,0.20,216
104.25.22.5,524098,0.00,223
104.25.26.216,398761,0.10,166
104.25.248.248,469212,0.00,184
104.18.153.204,457334,0.00,183
104.19.78.23,346742,0.00,161
104.19.219.24,316,0.10,175
104.19.227.82,770643,0.50,144
104.20.235.118,738382,0.00,167
104.28.39.38,295541,0.00,178
198.41.221.85,574479,0.20,156
104.28.226.99,510172,0.00,198
162.159.152.154,636327,0.20,234
104.16.253.32,400809,0.00,165
104.17.49.250,253762,0.10,153
104.20.219.229,368041,0.10,190
104.24.221.38,849121,0.30,152
104.27.60.199,489692,0.00,165
104.25.125.43,344284,0.00,152
104.25.165.165,324622,100.00,0
104.25.207.197,320527,0.10,147
104.17.112.186,543349,0.20,155
104.18.17.91,517954,100.00,0
104.19.160.76,476585,0.10,179
104.19.196.245,668687,0.10,147
104.20.213.139,290217,0.00,174
104.27.18.91,455284,0.10,163
104.24.89.109,373775,0.10,152
104.24.104.230,344284,0.10,154
104.16.51.168,347561,0.10,147
104.16.198.164,246799,0.10,189
104.19.182.247,395484,0.10,178
104.20.8.203,418012,0.00,174
104.20.149.25,551951,0.10,152
104.16.36.146,461784,0.10,158
104.17.31.113,512220,0.10,176
104.18.60.234,310287,0.30,183
104.24.255.76,487234,100.00,0
104.31.80.128,411049,100.00,0
104.18.40.35,536386,0.50,155
104.18.199.144,316841,0.10,142
104.26.9.90,427023,100.00,0
104.28.253.102,387702,0.30,156
104.21.114.70,389750,100.00,0
104.25.122.147,360258,0.00,148
104.27.35.72,411458,0.00,158
104.31.69.235,391388,0.10,189
172.64.103.189,466345,100.00,0
104.25.201.142,337321,0.00,153
104.28.255.51,428662,0.20,144
104.31.9.162,505257,0.00,151
104.17.62.7,856488,0.10,0
104.17.176.255,388111,100.00,0
104.19.174.122,594959,0.10,145
104.21.84.133,468802,0.10,179
104.24.239.20,734616,0.00,142
104.31.81.157,280796,0.10,167
172.67.209.67,469622,0.20,274
104.28.179.153,337730,0.10,152
104.31.70.152,395074,0.00,189
172.67.5.73,329538,0.20,200
104.16.219.189,517954,100.00,0
104.21.233.69,2079184,100.00,0
104.24.252.60,350837,0.10,155
104.27.63.18,373366,100.00,0
104.28.128.116,484367,0.10,190
198.41.214.166,495017,0.00,146
104.25.81.245,368450,0.00,167
104.27.140.240,681384,0.50,221
104.28.159.132,413916,0.10,153
104.16.89.130,619945,0.20,153
104.17.160.227,282025,0.30,199
104.21.101.140,380738,0.20,153
104.23.101.146,297589,0.10,166
104.24.107.46,538844,0.00,168
104.31.173.200,609295,100.00,0
104.31.211.137,446684,0.20,197
104.17.14.235,291036,0.20,162
104.22.43.231,260724,0.00,153
104.27.97.173,496245,0.00,163
104.28.67.227,793949,0.00,154
162.159.213.155,366812,0.10,173
104.16.75.124,492150,0.00,155
104.20.120.229,442588,0.00,145
104.25.159.237,366812,0.00,179
104.27.172.51,323804,0.10,153
104.19.176.104,452009,0.00,155
104.20.238.147,629365,0.10,157
104.31.219.250,522050,0.00,159
172.64.68.177,590044,0.10,171
104.31.213.182,568334,0.10,246
172.67.37.92,457743,0.00,0
104.18.46.181,379510,0.00,179
104.20.162.45,445045,0.20,151
104.22.21.97,243522,0.20,168
104.22.64.109,442997,0.00,183
104.24.220.108,407362,100.00,0
104.19.122.147,330767,100.00,0
104.25.31.213,655580,0.10,148
104.25.183.120,521231,0.00,167
162.159.194.12,268506,0.00,0
172.67.197.139,202972,100.00,0
172.67.123.1,261135,0.20,175
104.16.1.129,538023,100.00,0
104.18.96.42,469621,0.00,189
104.20.248.191,410639,100.00,0
104.21.94.15,255810,0.00,179
104.24.159.57,451599,0.20,144
104.16.92.7,329129,0.00,168
104.16.171.248,415145,0.20,154
104.16.220.43,315202,0.00,164
104.25.83.13,303323,100.00,0
104.31.130.241,245161,0.30,143
104.28.73.55,955106,0.20,0
104.31.195.175,531471,0.20,170
104.17.56.122,497474,0.00,146
104.20.3.103,294722,0.20,150
104.20.58.64,494197,100.00,0
104.24.202.50,345922,0.10,154
104.25.132.218,465526,0.20,152
104.24.155.84,313154,0.10,163
104.24.158.20,227548,100.00,0
104.25.74.229,482319,0.30,144
104.17.249.143,721635,0.00,178
104.19.17.130,559734,0.00,173
104.19.209.77,312745,0.00,159
104.20.254.93,542121,0.00,193
104.22.58.6,402857,0.10,146
104.25.108.177,460610,0.10,154
104.25.204.106,534338,0.20,163
104.27.94.100,432757,0.20,143
172.67.133.244,362716,0.10,204
104.24.78.207,376642,0.00,0
172.67.80.114,425793,100.00,0
172.67.228.118,84598,0.00,228
104.28.127.180,520412,0.00,163
104.28.205.145,449551,0.10,174
172.64.134.64,253762,100.00,0
104.16.61.106,508534,100.00,0
104.20.108.27,285301,0.10,144
104.21.237.12,146447,0.20,164
104.22.23.196,522460,100.00,0
104.22.78.199,222223,100.00,0
104.25.61.93,116956,0.10,143
104.25.241.97,554818,0.20,0
104.27.53.1,537205,0.20,182
104.17.158.70,412687,0.30,164
104.19.6.95,423746,0.00,163
104.20.79.3,493788,0.20,153
104.20.92.252,346332,0.00,144
104.20.193.137,334863,0.10,155
104.27.92.112,357391,0.00,163
104.31.187.205,312745,0.00,152
104.31.235.153,527785,0.00,169
172.67.48.174,320527,0.10,148
172.67.90.153,268508,0.20,163
104.16.87.190,377460,0.10,179
104.16.110.6,506076,0.10,164
104.31.12.234,370908,0.10,153
172.64.174.176,395074,0.20,147
104.19.188.249,761896,0.00,142
104.20.13.227,1184360,0.20,154
172.64.109.1,512629,0.00,162
172.67.171.20,605199,0.00,192
104.17.55.3,511401,0.20,203
104.17.184.242,2097886,0.00,151
104.18.229.216,411458,0.00,193
104.19.208.81,401628,0.20,184
172.67.92.53,255401,100.00,0
104.24.94.135,199695,100.00,0
104.27.159.101,368860,0.00,205
104.27.194.157,608066,0.10,167
104.16.123.93,365993,0.30,169
104.20.101.181,270965,0.10,141
104.20.159.182,187407,0.10,154
104.20.175.229,382786,100.00,0
104.20.208.116,261545,0.20,154
104.28.41.197,323804,0.20,150
172.64.97.200,563420,0.20,218
172.67.149.253,249257,0.30,160
104.16.147.200,323804,100.00,0
104.28.117.148,1156515,0.00,164
104.28.164.245,415964,0.50,165
172.67.235.194,280386,0.00,186
104.28.33.240,636738,0.00,154
104.17.106.247,675650,0.20,168
104.20.179.71,472898,100.00,0
104.21.61.119,348790,0.20,163
104.22.2.88,196009,0.10,153
104.23.107.13,404495,0.00,152
104.20.114.215,275471,0.10,152
104.24.61.79,0,100.00,0
104.28.5.148,376233,0.30,165
104.18.184.193,290217,0.10,143
104.18.237.231,322166,100.00,0
104.20.110.163,537615,100.00,0
104.21.228.52,309058,0.20,163
104.24.234.122,342236,0.10,181
104.19.135.145,314793,0.10,198
104.24.25.156,372956,0.20,157
104.28.165.62,546217,0.00,186
104.31.150.221,521641,0.00,152
162.159.160.137,401626,0.10,251
104.19.179.252,495017,100.00,0
104.25.29.8,700636,0.00,179
104.25.84.237,272195,0.10,152
104.27.81.146,342236,0.10,154
172.67.110.118,1012376,0.00,196
172.67.73.79,545807,0.30,183
104.23.127.80,259906,0.30,152
104.25.224.85,328310,0.30,139
104.25.236.108,479042,0.00,153
104.31.191.121,287759,0.00,231
162.159.236.18,459381,0.10,0
104.27.86.133,319708,0.30,166
104.28.235.177,531062,0.00,191
104.31.204.245,325033,100.00,0
104.16.194.74,481500,0.00,175
104.18.141.181,357801,0.00,140
104.18.194.96,441769,0.10,157
104.21.229.61,363126,0.20,158
104.27.48.125,296361,0.30,141
141.101.120.203,294313,100.00,0
104.17.77.135,499113,0.00,159
104.25.140.143,572431,0.00,179
104.28.185.149,439311,0.00,154
104.28.195.19,555228,100.00,0
172.64.141.238,630185,0.30,155
104.19.51.98,400809,0.00,160
104.19.115.113,431527,100.00,0
104.20.216.189,227958,0.00,161
104.21.235.148,241065,100.00,0
104.25.170.128,269327,0.00,172
172.67.214.85,332406,0.20,194
104.16.252.86,344,0.10,164
104.17.59.3,1370605,0.20,155
104.19.156.128,506076,0.10,157
104.27.203.194,488463,0.00,154
172.67.176.32,418421,0.00,200
172.64.81.93,594959,100.00,0
104.16.180.111,336911,0.50,143
104.17.30.144,469212,0.00,153
104.19.83.33,440540,0.30,142
104.27.77.194,397123,100.00,0
104.31.227.28,578575,0.10,165
104.19.56.197,465116,0.00,153
104.19.163.173,291036,0.00,142
104.16.41.241,577756,0.10,196
104.16.132.181,554409,0.30,166
104.17.196.159,292265,0.10,219
104.24.28.238,427433,0.00,152
104.16.214.175,298407,0.10,177
104.18.79.12,534338,0.10,155
104.19.240.191,442996,0.00,164
104.21.20.180,714065,0.20,162
172.67.180.252,625269,0.10,194
104.18.242.206,406953,0.00,162
104.19.45.172,502799,100.00,0
162.159.137.65,293901,0.00,256
104.27.23.138,531471,0.00,154
104.27.71.45,386473,0.00,179
172.67.84.184,232873,0.00,166
104.17.159.113,309877,0.10,142
104.17.193.237,294313,0.00,143
104.18.47.25,894793,0.00,151
104.25.92.96,429481,100.00,0
104.25.156.134,492969,0.00,177
104.18.244.32,2090598,0.20,143
198.41.212.25,397942,0.10,224
104.28.27.186,514268,0.00,225
104.18.255.213,339778,0.10,190
104.19.236.42,807698,0.00,175
104.22.24.9,312745,0.00,144
104.24.240.79,449141,0.30,160
104.27.169.154,542530,100.00,0
104.26.11.138,292674,0.00,185
104.26.14.241,346332,0.00,150
104.27.27.32,411049,0.10,139
104.16.227.184,440540,0.10,148
104.17.150.167,613391,100.00,0
104.20.2.77,531881,0.20,185
104.21.90.205,516726,0.40,152
104.22.57.3,614210,0.10,196
104.27.65.101,311106,100.00,0
104.27.110.78,254581,0.00,177
172.67.25.128,609705,0.00,197
104.27.136.100,380737,0.20,228
104.31.146.219,510172,0.00,173
104.18.11.243,421289,0.10,176
104.20.44.121,209935,0.00,158
104.20.106.86,493378,0.10,179
104.27.82.71,575708,0.00,203
104.27.108.30,293494,0.10,217
104.17.86.191,412277,0.10,154
104.17.152.173,353705,0.10,155
104.19.166.54,497065,0.10,142
104.24.216.195,322575,0.20,193
104.24.19.179,180853,0.10,189
104.25.18.55,508943,0.10,184
104.25.218.170,538025,0.10,178
104.17.126.204,891444,0.00,159
104.20.112.58,477404,0.10,153
104.21.80.162,412687,0.20,153
104.22.32.156,419241,0.00,145
104.24.18.105,1621562,0.10,178
104.27.32.92,345103,0.20,155
104.28.65.218,635100,0.10,151
104.28.136.246,394665,0.20,141
104.28.247.228,444636,0.00,160
104.31.152.173,267689,0.30,214
104.28.15.165,1454376,0.10,155
104.21.223.32,198057,100.00,0
104.25.141.39,400399,0.10,167
104.25.244.185,230825,100.00,0
104.16.224.52,898865,0.00,153
104.17.52.99,320117,0.30,151
104.17.57.139,484777,100.00,0
104.18.61.89,388930,0.00,140
104.19.33.67,300866,0.10,204
172.64.100.42,569154,0.00,193
172.64.205.158,314383,0.20,168
172.67.113.206,424975,0.00,174
104.16.135.32,142761,0.10,162
104.20.51.203,549084,0.20,191
104.21.5.92,234511,0.00,152
104.28.77.179,336502,0.10,178
104.31.249.24,576937,100.00,0
104.17.60.105,552770,0.00,148
104.20.123.43,346741,0.20,178
104.27.167.105,513449,0.20,170
104.21.49.23,320937,0.40,201
104.22.38.205,302095,0.10,158
104.25.85.58,477814,100.00,0
104.17.78.22,372546,0.20,153
104.17.119.136,353705,100.00,0
104.17.200.127,426614,100.00,0
104.18.20.44,495836,0.00,145
104.19.126.211,499932,0.10,142
162.159.243.125,469703,0.10,151
190.93.244.63,687938,0.00,196
104.17.203.131,1944617,0.00,170
104.17.227.100,1185874,0.30,163
104.19.200.244,501161,0.00,178
104.24.68.148,521231,0.10,155
104.27.73.118,372137,100.00,0
104.16.40.67,292675,0.00,146
104.18.6.220,580213,0.30,177
104.18.150.2,547446,100.00,0
104.28.90.97,264002,0.10,152
104.28.7.245,365173,0.30,141
104.28.46.220,177577,0.20,168
172.67.83.216,283663,0.00,0
104.16.208.3,518364,100.00,0
104.24.77.141,205020,0.20,228
104.24.165.229,564649,0.20,153
104.24.179.241,355753,0.20,142
104.25.150.244,420879,0.10,181
104.24.0.159,409820,0.10,164
104.24.231.86,433986,0.10,217
104.31.92.197,773915,100.00,0
172.67.128.114,194370,0.10,154
162.159.135.87,259905,0.10,282
172.67.45.71,432757,0.00,193
104.19.85.21,499111,100.00,0
104.21.3.40,235740,0.20,153
104.21.23.229,283254,0.30,186
104.27.126.50,233692,0.40,167
104.31.175.62,348380,0.10,151
104.20.168.244,376642,0.10,140
104.27.31.137,257858,0.10,165
104.28.251.231,476175,0.20,180
104.17.29.55,499113,0.00,154
104.17.58.196,304143,0.10,144
104.17.187.242,418012,0.10,147
104.19.62.255,300047,0.00,183
104.19.158.232,444636,0.00,158
172.64.196.232,2066276,0.30,152
104.31.221.7,352476,0.50,143
104.16.76.180,397532,100.00,0
104.17.191.235,274652,100.00,0
104.18.241.1,293494,0.10,141
104.28.51.10,405724,0.00,151
104.31.184.234,391388,0.00,166
104.17.1.84,434396,100.00,0
104.18.226.60,236967,100.00,0
104.25.5.17,579394,0.10,152
104.25.161.219,269737,0.10,174
172.64.173.6,427433,0.10,147
104.28.43.42,347561,0.00,152
104.31.168.6,473718,0.00,165
172.67.189.85,372546,0.10,202
104.19.108.126,468393,0.20,152
104.20.1.174,219765,0.00,156
104.25.59.140,256220,0.40,168
104.25.149.225,1858067,0.00,205
104.28.16.226,660494,0.00,157
172.67.245.147,487234,100.00,0
104.16.73.201,573250,0.10,152
104.19.105.89,481500,0.20,155
104.25.206.203,255401,0.00,168
104.19.11.168,384425,0.00,194
104.19.18.132,409001,0.10,178
104.23.116.143,2018996,100.00,0
104.24.38.217,404085,0.00,191
104.25.98.58,592092,0.00,172
104.18.87.179,476994,0.00,179
104.18.126.186,471260,0.10,160
104.19.70.15,460201,0.10,157
104.16.80.157,301276,0.50,173
104.16.100.253,504437,0.30,147
104.16.192.116,389340,0.10,151
104.17.87.37,503209,0.20,155
104.17.252.142,548265,0.10,225
104.31.84.2,611344,0.00,155
104.19.145.82,567925,100.00,0
104.20.160.161,357391,0.20,140
104.20.222.212,398351,100.00,0
104.24.121.245,336501,0.30,142
104.31.65.5,517545,0.20,164
104.16.64.130,409410,0.10,230
104.16.164.16,397122,100.00,0
104.16.179.148,509353,0.00,162
104.19.232.70,297590,0.00,230
104.16.191.64,139074,0.00,141
104.16.201.110,536386,0.00,152
104.18.195.10,404905,0.00,178
104.20.49.22,599055,0.20,160
172.67.40.3,1354150,0.00,172
104.31.240.125,522460,0.00,169
104.17.4.91,626,0.00,157
104.21.30.235,374594,0.10,172
104.24.72.221,433986,0.10,166
104.28.108.176,492149,0.10,143
104.31.223.142,385244,100.00,0
104.25.128.104,402447,0.00,158
104.25.210.29,629366,0.00,156
104.28.66.151,367221,0.10,183
104.18.7.29,549903,0.10,148
104.19.169.1,579804,100.00,0
104.20.46.66,582671,0.10,189
104.21.115.58,270146,0.40,178
104.24.225.84,330357,100.00,0
104.28.192.95,507305,100.00,0
162.159.129.243,343816,0.10,270
104.16.148.71,348,100.00,0
104.16.141.64,527785,100.00,0
104.17.36.223,373365,0.00,178
104.17.221.41,389749,0.20,154
172.64.137.109,868023,0.20,162
172.64.142.145,193142,0.20,140
172.67.75.249,410229,0.10,163
104.16.255.252,488054,0.00,179
104.20.15.115,705551,0.10,167
104.27.152.213,2219603,0.10,156
104.28.139.11,409410,0.20,153
104.31.188.46,409820,0.10,178
172.67.200.73,619125,0.00,160
104.18.151.65,671555,0.00,198
104.20.246.2,255401,100.00,0
104.25.11.194,649026,0.30,148
104.25.195.232,621172,100.00,0
162.159.216.254,306191,100.00,0
104.21.68.164,728053,0.10,198
104.22.60.39,1502968,0.10,157
104.17.117.215,585948,0.10,148
104.18.8.84,402037,0.00,154
104.18.95.209,1861477,0.40,163
104.18.250.119,318479,0.00,166
104.19.93.93,332405,0.10,180
104.19.110.72,356162,100.00,0
104.20.94.215,273014,0.00,207
104.28.252.253,562191,0.00,153
104.16.4.172,610522,0.20,160
104.16.42.147,708009,0.00,143
104.18.25.77,459382,0.00,196
104.18.31.40,487235,0.00,151
104.18.67.219,0,0.00,156
104.24.114.250,370089,0.10,179
104.24.214.110,282844,0.00,158
104.27.115.118,660905,0.00,157
104.16.159.10,397123,0.00,147
104.17.226.193,347561,0.00,201
104.19.91.64,376233,0.00,178
104.19.129.83,680565,0.10,152
104.19.245.111,373775,100.00,0
162.159.46.202,446275,0.00,158
172.67.137.165,339369,0.20,167
172.67.241.180,436444,0.00,182
104.21.198.214,179625,100.00,0
104.22.50.177,308649,0.10,168
104.24.71.54,459791,0.00,176
104.16.9.162,386062,0.20,162
104.16.14.149,392206,0.10,160
104.16.187.181,594550,100.00,0
104.18.44.81,518364,0.00,161
104.21.22.47,340598,0.10,179
104.27.196.12,393436,0.10,164
162.159.192.15,193959,100.00,0
172.67.115.28,479861,100.00,0
172.67.150.82,470031,0.10,227
104.16.33.41,832994,0.00,216
104.17.43.8,201743,0.20,178
104.20.158.25,300457,0.40,228
104.27.204.123,311106,0.10,144
162.159.244.22,516316,0.00,160
104.31.254.195,302914,100.00,0
172.64.82.11,336501,0.10,169
104.17.147.188,484366,0.00,191
104.19.92.75,610934,0.00,148
104.23.133.98,170204,0.30,157
104.28.2.173,358620,0.20,143
104.28.105.14,402038,0.10,169
104.20.54.69,291445,0.20,167
104.20.233.150,378690,0.30,155
104.21.51.154,325442,0.10,143
104.21.216.201,324623,0.20,141
104.28.220.31,515086,0.00,191
104.28.189.235,233692,0.10,165
162.159.36.55,1369852,0.00,151
172.67.232.129,406543,0.00,150
104.18.183.179,442588,0.10,161
104.19.246.173,678927,0.10,164
104.22.36.37,197236,0.30,168
104.24.243.90,698588,0.10,145
104.27.89.239,459791,0.00,151
104.19.120.196,456924,0.30,163
104.27.199.125,590453,0.50,164
104.31.200.80,244751,0.10,201
104.16.7.198,388930,0.10,148
104.16.62.164,174300,100.00,0
104.17.72.163,365993,0.00,140
104.17.99.157,450370,0.10,164
104.19.57.72,465116,0.30,157
172.64.193.53,422517,0.00,173
104.17.247.125,460610,0.00,176
104.24.119.2,340597,0.00,181
104.28.53.171,535157,0.30,155
104.28.69.254,684661,100.00,0
104.31.170.51,472898,0.10,154
104.28.35.81,388930,0.10,197
104.28.146.162,300047,0.00,143
104.31.247.244,159554,0.20,159
104.18.247.39,165,100.00,0
104.21.96.207,585129,100.00,0
104.21.119.231,610114,100.00,0
104.24.14.205,359849,0.10,160
104.25.222.16,223042,0.20,148
172.64.163.236,596188,0.30,154
172.67.109.108,475766,0.20,185
172.67.159.7,403676,0.00,164
104.24.11.78,354933,0.10,153
104.25.9.200,400809,0.20,148
104.25.134.16,781001,0.10,142
104.16.85.3,524098,0.20,153
104.16.217.211,534748,0.00,150
104.17.236.80,581852,0.20,143
104.18.197.68,399990,0.10,149
104.21.53.255,304553,0.00,0
104.31.234.56,294313,100.00,0
172.67.54.88,451599,0.00,158
104.16.244.29,679746,100.00,0
104.18.114.28,630594,0.20,152
104.20.6.35,510991,0.10,160
104.21.207.66,200514,0.00,184
104.28.207.178,585948,0.00,149
172.67.104.253,541301,0.00,0
172.67.254.59,336911,0.30,174
104.16.150.220,307011,0.00,219
104.19.44.232,644930,0.00,179
104.23.141.202,358210,0.20,150
104.25.230.63,502390,0.30,168
162.159.134.216,553588,0.20,230
104.20.7.162,534338,0.20,152
104.21.78.224,310288,0.30,153
104.31.2.170,465116,0.20,176
162.159.132.204,166598,0.00,249
172.67.105.70,232053,0.00,190
104.20.23.81,438492,0.20,164
104.27.72.114,321756,0.00,160
104.27.141.205,325031,0.50,231
172.67.162.240,309468,0.00,170
104.18.152.63,442178,0.10,153
104.18.161.72,569154,0.10,142
104.20.105.32,227957,0.10,159
172.64.66.168,257858,0.10,216
172.67.7.72,353295,100.00,0
104.18.200.140,401628,100.00,0
104.21.199.125,227958,0.20,174
172.67.94.176,439721,0.00,137
172.67.97.138,410639,0.20,191
172.67.49.194,489282,0.00,194
172.67.166.110,478223,0.00,172
104.16.190.112,671554,0.50,142
104.19.84.216,458153,0.30,142
104.24.200.252,406543,100.00,0
104.25.103.21,298818,0.30,160
162.159.220.67,475765,100.00,0
104.31.78.177,360668,0.10,179
104.16.19.104,420470,0.10,159
104.19.96.96,903757,0.10,149
104.20.30.41,309878,100.00,0
104.25.162.187,402447,0.40,172
104.28.36.9,314793,0.10,173
162.159.239.144,551951,0.10,161
198.41.222.175,506895,0.20,201
104.18.129.178,465,0.10,179
104.25.137.60,628546,0.00,141
104.27.78.145,261954,0.20,215
104.28.79.202,346742,0.10,200
104.31.11.228,618716,0.00,145
104.18.213.137,285302,0.00,151
104.25.16.212,363535,0.10,165
104.28.94.75,411049,0.00,183
104.24.103.193,317660,0.20,153
104.26.8.57,390569,0.20,207
104.27.121.39,513858,0.00,175
104.16.106.112,323804,0.10,142
104.17.19.38,461839,0.10,168
104.17.225.6,359849,0.30,153
104.19.134.153,359029,0.00,184
104.19.224.130,665001,0.20,154
172.67.167.170,438490,0.00,162
172.67.186.191,462249,0.00,202
172.67.211.114,495836,0.10,168
104.18.238.214,608476,0.10,163
104.20.4.134,800042,0.10,155
104.20.0.38,462249,0.00,158
104.20.182.42,377871,0.10,167
104.25.160.112,330767,0.00,159
104.17.11.170,424565,0.00,146
104.17.39.179,409820,0.00,150
104.27.177.195,299638,0.10,207
104.27.206.61,664591,0.00,181
162.159.252.97,387290,0.20,171
104.24.147.152,548265,0.00,155
104.25.179.1,608066,0.20,154
104.27.117.161,380329,0.30,140
104.28.82.117,585948,0.00,165
104.31.138.107,349198,0.10,212
104.28.92.71,300047,0.10,154
162.159.240.131,586357,0.10,170
172.67.23.91,516316,0.10,184
104.16.228.100,1822,0.10,190
104.18.146.78,368041,100.00,0
104.19.198.173,483548,0.10,139
104.24.23.75,463887,0.10,152
104.25.48.28,313154,0.10,160
172.67.131.174,408591,0.00,210
172.67.213.135,427843,0.20,226
104.28.42.12,553999,100.00,0
172.64.204.222,492559,0.00,174
172.67.198.82,266050,0.00,170
104.18.169.181,438902,0.20,153
104.20.146.89,392207,0.20,164
104.22.40.142,546625,0.20,142
104.24.170.205,554409,0.20,143
104.25.144.55,501161,0.10,155
104.18.173.69,354114,0.00,151
104.21.118.234,213212,0.30,167
104.24.219.143,417193,0.20,180
104.25.212.29,350018,0.10,143
104.27.125.43,677289,0.10,165
104.28.240.60,429890,0.00,141
104.31.144.57,347561,0.10,166
104.16.160.58,298818,0.40,168
104.16.174.175,424975,0.10,160
104.20.70.202,498703,0.10,154
104.24.35.208,420060,0.00,155
104.24.81.160,500751,0.00,154
172.67.2.117,316841,0.00,152
104.31.255.95,517954,0.10,144
172.67.160.125,438492,0.00,172
104.16.15.37,356572,0.20,158
104.16.243.15,237378,0.00,153
104.18.63.216,363535,100.00,0
104.19.3.203,494607,0.20,178
104.31.217.175,436444,100.00,0
104.24.123.197,301685,100.00,0
104.26.4.67,508124,0.00,152
104.27.45.88,324214,0.00,192
104.17.122.46,316021,100.00,0
104.18.50.248,548674,100.00,0
104.19.109.97,323804,0.10,177
104.20.206.162,2500066,0.30,161
104.22.8.66,363945,0.00,186
172.67.47.211,241474,0.10,146
172.67.175.185,304143,0.20,168
104.25.82.184,368860,0.20,172
104.25.178.96,521231,0.10,151
104.28.14.94,274242,0.10,167
104.20.176.18,210754,0.10,152
104.21.58.198,475766,0.00,153
104.21.193.95,335273,0.10,178
104.24.115.237,436444,100.00,0
104.25.63.36,640425,0.10,188
104.28.183.163,497884,100.00,0
104.23.114.207,383605,0.30,153
104.24.199.202,380329,0.00,185
104.25.46.36,422517,0.00,153
104.16.107.138,559324,0.10,161
104.20.31.90,492149,0.10,165
104.20.137.132,540892,0.20,162
104.21.103.226,503618,0.10,151
104.21.220.103,330358,100.00,0
104.28.54.37,599465,0.00,201
104.28.71.244,433167,0.10,183
104.28.250.192,473718,0.10,162
172.67.135.189,591273,100.00,0
104.16.235.122,355343,0.10,178
104.20.153.22,550313,0.40,144
104.20.180.216,398761,0.00,159
104.28.20.125,448732,0.00,160
104.31.174.22,490102,0.10,190
104.18.158.163,363535,0.10,163
104.19.155.91,428252,0.10,156
172.64.78.47,379100,0.10,164
104.18.149.9,577756,0.10,142
104.21.104.140,1701801,0.30,186
104.22.53.3,294313,100.00,0
104.25.209.28,519183,100.00,0
172.67.82.243,551541,0.00,200
104.20.192.122,222223,0.10,169
104.24.26.139,278338,0.10,179
104.24.190.232,584719,0.20,154
172.67.57.145,509353,0.20,146
104.16.222.49,526556,0.10,162
104.25.53.200,579394,0.00,145
162.159.136.12,464295,100.00,0
104.18.82.132,562601,0.00,160
104.20.65.121,531471,0.30,154
104.25.43.98,377052,0.00,153
104.25.51.15,728774,0.00,141
104.18.139.18,504847,0.10,182
104.19.128.15,0,0.00,154
104.22.67.174,209525,0.00,154
104.23.126.215,168565,0.10,167
104.28.174.90,501570,0.20,155
104.17.93.229,423746,0.20,158
104.18.113.73,485596,0.20,179
104.18.187.146,286121,0.40,154
104.20.202.75,667868,0.10,190
104.25.64.244,396713,0.00,151
104.24.6.212,327081,100.00,0
104.24.136.235,526965,0.10,177
104.25.255.147,346742,100.00,0
104.16.72.38,561372,0.00,207
104.18.227.213,365991,100.00,0
104.20.223.26,520821,0.20,188
104.21.24.121,248028,0.30,141
104.22.27.54,317660,0.00,143
104.19.80.181,526966,0.20,153
104.20.188.178,392617,0.10,157
104.16.203.71,735162,0.20,145
104.17.44.37,417193,0.10,164
104.17.197.56,526556,0.00,155
104.17.243.123,398351,100.00,0
104.18.86.35,379100,0.10,166
172.67.218.59,345923,0.00,152
172.67.237.188,560962,0.10,159
104.17.83.186,344694,0.20,0
104.17.218.123,473718,0.10,169
104.18.217.85,447913,0.20,154
104.21.2.49,429481,0.10,165
104.28.203.250,525737,0.10,153
104.25.225.148,297999,0.10,178
104.27.6.247,1205071,0.20,161
172.67.247.185,217308,0.00,180
104.16.240.109,498293,0.10,174
104.18.68.75,353295,0.10,164
104.18.102.144,378281,0.20,172
104.18.142.40,614620,0.00,159
104.19.149.101,378691,0.00,157
172.67.249.50,558095,100.00,0
104.20.76.85,371317,100.00,0
104.24.85.217,241065,100.00,0
104.27.168.131,608066,0.00,158
104.28.118.62,257858,0.00,178
172.64.207.75,587177,0.10,168
104.25.62.65,454057,0.00,158
104.25.71.8,316022,0.00,153
104.21.209.89,721029,0.10,178
104.25.27.182,518773,100.00,0
162.159.212.167,690396,100.00,0
172.67.170.22,386473,100.00,0
104.18.249.10,1107233,0.00,153
104.20.135.128,594549,100.00,0
104.21.34.111,243113,0.10,193
172.67.192.16,231234,0.00,200
104.20.55.23,360258,100.00,0
104.20.69.99,1362749,0.00,177
104.21.201.122,355343,0.10,0
104.16.188.82,358210,0.10,157
104.17.149.15,502389,0.10,152
104.18.144.10,497474,0.00,226
104.19.24.180,271785,100.00,0
104.19.136.96,742250,0.20,141
172.64.131.34,851604,0.00,207
104.23.121.144,508533,100.00,0
104.24.151.228,448322,0.00,185
104.25.73.217,217718,0.10,249
104.25.221.107,298409,0.00,163
162.159.130.193,379097,0.10,313
104.25.129.62,527783,0.10,162
104.28.141.51,383606,0.10,183
104.16.37.141,435625,0.00,199
104.16.93.88,395484,100.00,0
104.18.201.98,619126,0.10,183
104.24.176.240,305781,0.10,163
104.25.116.199,552361,0.10,179
104.16.68.232,581033,0.10,168
104.22.31.148,694492,0.10,178
104.28.3.222,636329,100.00,0
162.159.253.113,651484,0.10,181
104.16.98.39,468393,0.10,162
104.27.34.97,364764,0.20,161
162.159.221.224,516726,0.00,226
172.67.243.54,499932,0.10,183
104.18.29.170,303734,0.20,133
104.25.153.153,636738,0.20,207
104.28.44.250,149314,0.10,181
172.67.0.249,430710,0.30,164
172.67.1.151,726333,0.10,155
104.18.219.112,328310,0.00,144
104.20.113.84,521231,0.60,148
104.21.25.148,353295,0.00,0
104.27.62.174,347970,0.00,160
104.28.216.202,486825,0.10,157
104.27.132.41,160372,0.10,245
104.28.211.54,496655,0.20,153
172.64.36.77,357801,100.00,0
104.16.234.135,291855,0.10,210
104.18.233.192,497063,0.20,154
104.19.61.130,1354731,0.10,153
104.21.111.154,284073,0.00,209
104.23.104.6,438492,0.10,153
172.64.140.129,527785,0.20,168
104.27.146.72,210754,0.10,165
104.28.232.109,362716,100.00,0
104.31.149.226,321756,0.00,171
104.16.213.3,246799,100.00,0
104.19.37.208,318889,0.10,141
104.21.29.190,275881,100.00,0
104.22.77.182,277929,0.00,221
104.25.57.126,426613,100.00,0
172.67.88.212,386882,0.10,174
173.245.49.10,347970,0.00,225
104.28.212.46,428252,0.10,175
104.18.235.56,529014,0.00,149
104.20.226.12,712988,0.00,150
104.22.13.221,203382,0.20,187
104.25.186.135,417191,0.20,184
104.28.28.102,560963,0.10,148
104.31.209.170,745208,0.30,194
104.18.70.228,0,0.10,154
104.19.116.33,441359,0.00,142
104.21.225.39,252534,0.00,164
104.23.122.79,210754,0.10,152
104.25.188.202,1414368,0.10,162
104.27.58.183,507305,0.10,158
104.27.144.32,354933,0.10,168
104.28.93.9,544578,0.20,168
104.17.125.19,411458,0.10,180
104.22.74.241,276290,0.30,180
104.24.97.206,691215,0.00,201
104.24.207.32,475766,0.10,160
104.27.26.85,474127,0.20,190
104.16.177.134,593730,0.20,167
104.21.100.13,406134,0.20,177
172.67.108.163,326671,0.00,174
162.159.138.243,376232,0.40,241
172.67.125.108,364764,0.20,158
172.67.204.192,633052,100.00,0
104.17.103.97,368041,100.00,0
104.18.38.27,745292,100.00,0
104.21.60.49,405724,100.00,0
104.27.4.221,219766,0.00,155
104.31.196.91,476994,0.20,218
104.26.3.157,243604,0.10,196
172.64.96.106,733478,0.00,160
172.64.172.94,544169,0.30,167
104.16.2.134,623220,0.20,171
104.17.211.16,382786,0.20,169
104.18.28.88,461840,0.00,152
104.21.33.185,265231,0.10,203
104.25.101.206,699407,0.10,153
104.28.21.141,449552,0.10,156
104.31.136.14,268508,100.00,0
172.64.162.2,497884,0.00,160
104.24.12.117,305372,0.10,179
104.25.147.221,249257,0.10,145
104.25.254.153,201334,0.00,152
104.27.93.45,315612,0.10,204
104.27.129.41,202151,0.30,210
172.67.98.24,719799,0.00,184
104.25.233.252,296361,0.40,164
172.64.138.16,650665,100.00,0
104.16.205.119,82140,0.20,168
104.17.177.132,488053,0.10,163
104.20.184.206,505257,0.20,176
104.23.115.251,354524,100.00,0
104.24.76.72,350837,0.10,181
104.20.27.6,392617,0.50,142
104.21.214.53,448322,0.10,178
104.22.22.125,471670,0.00,178
104.24.17.92,299637,0.10,179
104.31.242.227,467983,0.20,156
104.18.14.25,566286,0.00,0
104.24.95.193,404086,0.10,153
104.24.228.61,617077,0.30,180
172.67.3.1,354114,0.10,152
172.67.70.137,248846,0.00,181
104.16.140.188,386882,0.10,160
104.25.146.95,353295,0.10,143
104.25.213.137,420470,0.00,178
104.25.243.36,594959,0.10,168
104.31.205.73,1600460,0.20,208
104.21.87.236,471670,0.20,159
104.27.52.242,508943,0.00,163
172.67.215.246,452828,0.40,259
104.18.108.209,492969,0.00,166
104.18.228.200,139074,0.10,151
104.19.35.180,606838,0.20,152
104.19.218.173,697769,0.20,151
104.20.255.48,595313,0.00,190
104.24.20.91,182492,0.10,174
104.25.3.218,512629,100.00,0
104.31.248.56,454876,0.20,178
104.17.45.230,338959,0.00,141
104.18.43.110,565058,100.00,0
104.18.65.132,533519,0.10,148
104.18.179.143,531881,100.00,0
104.19.201.185,381967,0.10,163
172.67.122.61,287759,0.00,169
104.24.241.33,515495,0.30,180
104.28.169.71,696130,0.10,141
104.17.255.61,298818,0.00,149
104.18.167.205,536796,0.10,155
104.21.222.59,202153,0.20,0
104.24.188.57,1030741,0.00,186
104.24.227.87,476585,0.00,190
104.18.234.150,363126,0.10,163
104.21.46.204,361897,100.00,0
104.28.121.91,464297,100.00,0
172.67.216.136,245980,0.00,215
104.21.55.7,334454,0.10,163
104.24.244.85,606428,0.10,174
104.27.8.5,348789,0.10,154
104.27.59.215,433167,0.20,162
104.17.81.231,361077,0.10,143
104.23.111.197,307420,100.00,0
104.24.122.129,259087,0.00,164
104.25.110.7,382786,0.20,153
162.159.223.189,497065,100.00,0
172.67.195.30,439311,0.00,181
104.17.214.124,230415,0.10,191
104.19.175.203,476994,0.00,180
104.20.41.86,566287,100.00,0
104.20.42.51,352885,0.10,175
104.28.38.30,563010,0.00,181
104.16.130.142,412278,0.20,157
104.17.63.51,434396,100.00,0
104.18.216.1,610113,0.00,192
104.24.55.86,710058,0.10,158
172.67.112.135,452009,0.00,177
104.18.90.221,311925,0.00,165
104.18.210.68,355753,0.00,164
172.67.26.59,333634,0.00,160
104.25.45.76,1525877,0.10,161
104.25.174.241,443407,0.00,178
104.27.145.83,391797,0.10,178
104.19.241.49,402447,0.10,231
104.20.127.100,759019,0.00,168
104.23.140.178,242293,0.00,179
104.24.2.112,319708,0.00,209
104.24.194.177,325442,0.00,146
104.28.74.144,549903,0.00,155
1.0.0.33,334042,0.20,140
104.16.133.184,508943,0.20,170
104.31.131.0,547854,0.00,154
104.18.181.76,72719,0.00,151
104.28.116.181,464706,0.10,165
172.67.66.2,392617,0.00,156
172.67.199.82,455695,0.00,207
172.67.201.37,669097,0.00,155
104.20.16.89,441359,0.10,157
104.24.127.200,402037,0.00,154
104.25.12.74,365992,0.10,179
104.28.110.108,348790,0.20,167
104.28.148.190,370498,0.00,161
172.67.46.209,430300,0.10,176
172.67.185.132,313564,0.00,181
104.16.111.40,277929,0.10,138
104.17.16.229,577756,0.00,140
104.19.248.96,915133,0.00,142
104.20.190.238,287349,0.10,163
104.28.171.178,347561,0.00,151
172.67.76.240,372956,0.00,193
104.23.100.177,285711,0.20,179
104.24.235.32,418421,0.30,154
104.25.24.224,289397,0.40,162
104.27.0.41,761145,0.00,150
104.27.165.24,646159,0.00,165
104.16.101.71,524098,0.00,168
104.19.233.111,363125,0.10,206
104.20.109.100,335273,0.20,190
104.27.46.18,433167,0.00,182
104.28.123.244,151362,0.10,166
172.67.152.217,259906,0.00,183
104.18.202.187,461839,0.00,158
104.20.250.123,474946,0.10,178
104.20.251.248,320937,0.10,152
104.24.126.8,450780,0.10,222
104.24.197.36,531881,0.00,165
104.28.182.15,519183,0.00,144
104.16.204.122,462249,0.20,170
104.17.194.205,405314,0.00,209
104.19.99.223,457334,0.20,151
104.21.121.188,307010,0.10,185
104.24.21.116,381967,100.00,0
104.25.91.74,513039,0.00,172
104.28.180.63,399170,0.10,157
104.28.209.216,441359,0.10,161
104.19.89.98,601922,0.00,178
104.19.190.146,532290,0.00,169
104.20.38.6,895811,0.20,151
104.21.72.216,304553,0.40,188
104.24.41.132,770873,0.00,138
172.67.30.210,471670,0.00,184
172.67.107.56,368450,0.00,165
172.67.230.34,139484,0.10,214
162.159.218.227,476585,0.40,166
172.64.160.109,472898,100.00,0
104.17.220.24,503209,0.30,147
104.19.210.188,340598,0.00,174
104.20.20.116,535977,0.00,155
104.20.145.7,0,0.20,169
104.23.119.162,417193,0.10,196
104.16.30.15,346742,0.10,180
104.17.5.229,496246,0.00,145
104.17.70.100,345,0.10,154
104.21.12.168,316431,0.00,179
172.67.20.4,376233,0.00,200
104.25.1.98,340597,100.00,0
104.25.55.110,420469,100.00,0
104.25.237.107,2186011,0.00,142
104.17.169.164,163650,0.00,177
104.18.39.242,309468,0.40,141
104.19.103.152,545807,0.20,153
104.21.124.106,510582,0.30,166
104.24.128.127,412687,0.00,140
104.28.147.30,372546,0.00,151
172.64.91.135,368860,0.10,186
172.67.129.196,562601,0.00,152
104.17.242.186,496245,0.20,159
104.18.0.152,949226,0.00,183
104.18.74.233,692444,0.20,145
104.24.249.125,605199,100.00,0
104.25.121.136,584719,0.00,162
104.18.185.215,624450,100.00,0
172.67.53.53,373365,0.00,175
104.21.48.54,320937,100.00,0
104.21.224.220,470031,0.00,222
104.24.133.18,410639,0.00,154
104.16.91.36,363126,0.20,143
104.17.239.72,544578,0.20,173
104.18.239.72,321756,0.10,203
104.19.38.186,743155,0.10,163
104.19.238.194,705551,0.00,162
104.25.194.102,684252,0.00,175
104.27.101.241,401628,100.00,0
104.28.210.96,319298,0.20,180
172.64.133.244,526146,0.10,177
104.27.74.193,258677,0.00,215
104.31.155.43,383196,0.20,157
172.67.12.207,256220,0.20,145
104.17.76.10,450370,0.40,224
104.19.21.103,576118,0.00,153
104.20.225.152,621173,0.00,141
104.23.130.112,211164,100.00,0
104.24.54.142,399989,0.00,164
172.67.101.101,307420,0.30,172
172.67.132.196,600693,0.00,139
172.67.151.25,316021,0.00,188
172.67.158.147,377052,0.00,207
104.24.52.221,538433,0.10,151
104.25.79.217,522050,0.00,164
104.31.214.196,431201,0.00,163
172.67.212.39,409000,0.30,231
104.22.1.53,1126968,0.10,159
104.24.9.97,167337,0.20,140
104.27.76.78,427433,0.00,159
104.31.171.153,311516,0.00,216
172.67.220.162,261544,0.20,198
172.67.103.164,836069,0.20,203
104.16.97.65,480271,0.10,178
104.17.188.126,358210,0.00,164
104.24.169.211,451599,0.20,201
104.28.25.198,538435,0.10,147
162.159.215.35,384834,0.10,178
104.16.169.135,414735,0.00,160
104.19.0.86,473718,0.20,151
172.67.251.12,288169,0.00,203
104.16.195.200,485186,100.00,0
104.18.172.10,754014,0.00,140
104.18.230.50,724,0.00,153
172.67.14.133,150543,0.00,208
104.27.149.251,968646,0.00,176
104.31.231.23,543349,0.40,155
172.67.233.42,423746,0.00,186
104.17.113.73,676060,0.10,209
104.24.149.68,546217,0.10,177
104.24.187.102,773216,100.00,0
104.25.58.59,389340,0.10,152
104.27.33.158,500751,0.20,201
104.17.15.46,190275,0.30,142
104.19.71.163,384834,0.10,173
104.24.13.37,299228,0.40,168
104.24.191.119,604789,0.00,192
104.25.93.21,690396,0.00,152
104.16.193.175,339369,0.10,218
104.20.68.46,589225,0.00,166
104.27.41.143,380738,0.10,170
104.28.13.196,355753,0.00,153
172.67.172.44,686709,0.00,180
104.28.100.36,614620,100.00,0
104.28.125.240,383605,0.00,153
104.17.201.122,383196,0.10,217
104.18.35.71,420469,100.00,0
104.19.139.156,332405,0.20,168
104.19.252.242,508124,0.00,163
104.23.132.139,110402,0.30,155
104.27.123.55,374185,0.30,168
104.28.56.253,388111,0.30,154
104.28.197.184,438901,0.10,187
104.19.75.254,309878,0.00,154
104.21.74.162,334044,100.00,0
104.21.221.4,399990,0.20,179
104.22.16.215,253353,0.10,145
104.24.203.252,571202,0.00,140
104.31.228.227,633462,0.40,158
104.19.142.102,670325,0.20,145
104.20.228.160,1592516,0.20,192
104.24.63.104,334044,0.10,216
104.28.135.191,501161,0.00,165
172.64.106.145,495836,0.00,145
104.24.161.174,355753,100.00,0
104.24.250.92,503618,0.00,162
104.25.28.170,566697,0.10,141
104.16.165.255,487644,0.40,148
104.17.186.246,606018,0.10,215
104.18.109.98,464706,0.20,170
104.19.4.122,651484,0.20,151
104.24.83.255,317658,100.00,0
104.31.129.130,713135,0.00,147
172.67.106.123,191503,0.20,162
104.18.12.237,325033,0.20,234
104.18.100.2,299637,0.40,160
104.19.130.104,388930,0.10,148
104.20.88.50,530242,0.20,190
104.28.196.205,610114,0.20,144
104.24.56.153,337321,0.40,168
104.27.51.79,381148,0.10,152
104.27.55.205,384425,0.20,148
104.18.118.150,699407,0.00,159
104.18.218.215,494607,0.00,225
104.18.253.80,446274,0.00,163
104.19.23.52,432758,100.00,0
104.21.123.231,1534312,100.00,0
104.28.17.246,382787,0.10,152
104.18.88.121,357801,100.00,0
104.18.94.78,463068,0.00,156
104.31.163.180,1327096,0.00,157
104.27.79.64,464706,100.00,0
104.31.128.150,306192,0.00,147
162.159.128.73,214849,0.00,246
104.17.130.235,432348,0.10,164
104.18.107.100,559733,0.10,180
104.20.115.110,318889,0.20,140
104.22.42.97,230825,0.20,169
104.24.211.94,440130,0.10,148
104.20.73.152,461838,0.10,168
104.24.7.74,184540,0.00,178
104.25.214.10,501980,0.00,153
104.31.177.142,515906,0.00,155
172.67.146.231,351657,0.00,193
104.18.207.219,569564,0.10,152
104.24.172.54,504028,0.10,153
104.27.57.68,477404,100.00,0
104.28.198.113,551951,0.00,0
172.64.167.180,514677,0.50,177
104.24.74.191,355343,0.00,189
172.64.77.18,331586,0.00,178
172.67.58.128,373365,0.00,150
104.17.101.102,271785,0.00,231
104.18.91.181,492149,100.00,0
104.20.82.3,551540,0.20,161
104.21.54.4,478223,0.00,173
104.22.4.18,209935,0.20,153
104.25.217.18,754894,0.10,155
104.28.29.128,516726,0.00,157
104.31.252.100,305372,0.10,213
104.17.250.94,541301,0.00,140
104.21.56.170,343874,100.00,0
104.21.106.173,473718,100.00,0
104.25.94.101,300047,100.00,0
104.25.175.143,464706,0.10,179
172.67.255.228,510991,0.20,178
172.64.101.198,440949,0.20,185
172.67.79.118,513449,0.10,188
172.67.181.109,283663,0.00,210
104.18.223.248,497884,0.20,142
104.19.22.212,715623,0.10,165
104.25.197.72,712424,0.00,173
104.28.142.192,511810,0.00,178
104.31.15.116,488054,0.00,170
104.17.146.24,274242,100.00,0
104.21.19.157,243932,0.40,158
104.23.118.211,376233,0.10,177
104.23.137.106,286121,0.00,168
104.24.222.156,342236,0.20,159
104.28.138.57,378281,0.10,178
172.64.70.196,286121,0.30,254
104.16.57.3,569974,0.10,151
104.17.195.237,361076,0.00,166
104.18.132.34,405724,0.30,149
104.19.207.198,391388,0.00,213
104.21.200.132,399990,0.20,152
172.67.126.222,410639,0.00,190
104.16.239.189,454466,0.20,159
104.17.167.63,335273,0.00,0
104.18.33.138,602741,0.20,170
104.28.172.186,292265,0.00,160
172.64.104.109,870777,100.00,0
104.16.196.192,361897,0.00,143
104.20.138.62,411868,0.10,188
104.28.162.114,577346,0.00,159
172.64.88.220,487234,100.00,0
104.19.213.54,417193,0.00,143
104.28.37.173,572021,0.20,204
104.28.49.242,435215,0.10,179
104.28.193.131,456924,0.20,190
103.21.244.199,252066,100.00,0
104.24.3.81,363535,100.00,0
104.24.146.161,597826,0.10,165
104.31.164.109,523279,100.00,0
104.28.225.200,440540,0.00,164
172.64.136.39,506895,0.30,160
104.16.129.53,472079,0.10,140
104.17.118.64,620764,0.00,194
104.17.141.186,394255,0.10,179
104.21.6.60,30968,100.00,0
104.21.65.11,224272,0.00,193
162.159.248.110,503618,100.00,0
104.19.140.86,510172,0.10,145
104.20.37.143,309468,0.20,162
104.20.67.161,442997,0.10,155
104.25.68.203,465526,0.00,154
104.28.80.236,1346610,100.00,0
104.25.0.5,221404,0.10,0
104.28.87.237,408591,0.20,181
104.17.64.66,339369,0.10,169
104.20.215.69,443817,100.00,0
104.21.81.89,970171,0.30,188
104.22.29.250,417602,0.10,178
104.24.45.237,433167,0.00,190
172.67.11.230,314793,0.20,157
104.19.215.133,378281,0.30,203
104.22.69.141,370908,0.20,161
104.22.76.72,230415,0.00,147
104.24.129.224,400809,0.00,204
104.24.246.161,613391,100.00,0
104.20.218.41,272194,100.00,0
104.26.6.0,335683,0.10,149
104.28.22.50,429891,0.20,198
104.17.151.212,489282,0.10,166
104.17.209.65,358620,100.00,0
104.18.45.249,223042,100.00,0
104.18.83.121,453647,0.20,158
104.20.210.145,283663,100.00,0
104.28.155.242,995539,0.20,162
172.67.127.247,204201,0.10,176
104.28.124.22,509762,0.00,160
172.64.80.43,511400,0.00,0
104.16.71.103,264002,100.00,0
104.17.180.202,2091329,0.20,184
104.21.44.138,262774,0.20,147
104.24.153.153,388930,0.00,168
104.28.26.81,499113,0.10,157
104.17.179.174,445865,100.00,0
104.18.222.254,483956,0.00,157
104.28.19.92,520822,0.10,172
104.31.159.40,426204,0.10,148
172.64.92.200,419239,0.10,221
172.67.225.6,812295,0.20,198
104.17.91.69,687529,100.00,0
104.18.42.192,443817,0.30,221
104.18.176.250,308649,0.10,144
104.20.47.80,498294,0.00,150
104.28.194.158,847350,0.40,155
104.19.186.250,568335,0.00,150
104.23.120.49,287759,0.00,204
104.24.62.61,395484,0.10,205
104.28.76.184,333634,0.10,151
104.28.137.193,424975,0.00,190
104.25.36.148,435625,0.00,175
104.25.42.149,409820,0.10,164
104.25.158.58,2013169,0.10,141
104.17.153.21,306601,0.10,177
104.17.207.227,323804,0.30,167
104.18.22.182,528195,0.40,153
104.18.166.119,390978,0.20,165
104.18.224.24,551951,100.00,0
104.25.69.13,329129,0.00,163
104.27.184.60,429481,0.10,134
104.28.200.130,358620,0.00,148
104.16.155.162,511811,0.20,156
104.17.198.198,280796,100.00,0
104.18.165.210,507714,0.30,159
104.22.26.30,647798,0.20,167
104.24.102.253,351247,0.00,141
104.18.246.189,465526,0.10,0
104.20.136.52,743831,0.00,140
104.20.195.6,452418,0.10,158
104.24.173.133,377871,100.00,0
104.28.98.245,410229,0.40,158
104.18.124.244,510991,0.00,148
104.20.207.238,234921,100.00,0
104.23.117.226,161602,0.20,166
104.28.115.15,202972,0.50,192
104.23.102.135,465525,0.20,164
104.27.70.48,1895083,0.00,156
104.28.91.194,505666,0.00,192
104.16.13.139,880105,0.10,177
104.16.247.196,430709,0.00,139
104.18.154.142,400809,0.00,182
104.20.164.27,820790,100.00,0
104.20.165.134,442997,0.10,142
104.28.163.70,447913,0.00,155
104.17.82.205,282025,0.20,162
104.22.0.15,371727,0.00,141
104.22.39.154,317250,100.00,0
104.23.106.110,623631,0.10,158
198.41.215.233,1215772,0.00,153
104.28.114.70,595369,100.00,0
104.28.173.67,446274,0.50,152
172.64.164.119,513858,0.30,178
104.18.78.158,781934,0.10,158
104.19.86.54,578575,0.00,155
104.20.99.107,1763942,0.30,152
104.20.172.157,252532,0.20,160
104.28.102.113,260316,0.30,166
172.64.135.19,418831,0.00,196
104.17.96.111,443407,0.10,143
104.20.132.246,230005,0.00,202
104.26.1.74,336092,0.00,154
172.64.95.174,431938,0.00,188
172.64.110.160,385653,0.10,156
104.31.202.131,448732,0.10,183
172.64.75.7,617078,0.10,180
172.67.183.104,370089,0.10,207
104.16.69.234,451599,0.20,147
104.18.182.60,1340,0.00,153
104.20.194.180,330767,0.20,163
104.28.55.31,356162,0.10,179
104.28.72.138,304962,0.30,168
104.17.219.78,31,0.30,209
104.22.75.77,311516,0.00,170
104.25.208.158,342646,0.00,167
104.27.102.26,293084,0.00,179
104.31.76.19,1230021,0.00,149
104.16.99.219,269327,100.00,0
104.18.232.205,440129,0.20,146
104.19.199.129,486415,0.10,159
104.24.16.114,266869,0.10,179
104.28.95.152,443407,0.10,153
104.28.86.17,411868,0.10,152
104.16.126.165,412278,0.30,150
104.18.212.43,375414,0.10,148
104.25.32.31,504438,0.10,160
104.25.151.3,549903,0.20,143
104.27.182.162,568336,0.00,154
104.16.115.87,577756,0.00,150
104.17.245.209,543349,0.10,153
104.21.37.79,362306,100.00,0
104.24.110.100,440540,0.30,167
104.28.97.42,499522,0.10,148
104.24.148.187,440949,0.10,168
104.28.112.178,520412,0.00,161
104.16.86.178,279977,100.00,0
104.20.17.100,417191,0.50,141
104.20.198.214,232873,0.20,187
104.20.240.8,288988,0.00,163
104.23.97.135,2829373,0.00,167
104.16.112.1,358210,0.10,174
104.18.81.166,336911,0.40,175
104.21.82.130,664182,0.20,216
104.21.208.64,304143,0.10,152
104.24.143.242,887259,0.00,147
104.21.213.199,132521,0.20,173
104.25.238.101,658857,100.00,0
104.27.197.226,469210,100.00,0
104.18.66.4,0,0.10,141
104.18.92.118,347561,0.20,164
104.19.111.52,393845,0.00,167
104.19.244.229,402447,0.00,150
104.21.42.27,281206,0.10,159
104.28.218.178,714513,0.10,165
104.28.236.254,564239,0.20,180
172.64.74.238,448732,0.20,175
172.67.178.140,499113,0.10,164
172.67.190.98,376233,0.00,0
104.22.54.28,455694,0.10,154
104.28.122.85,1534689,0.00,152
104.28.120.74,415554,0.30,179
104.16.21.127,603970,0.10,153
104.19.64.164,259906,100.00,0
104.19.107.61,474127,0.00,211
104.20.81.94,418421,0.10,163
104.21.45.247,419241,100.00,0
104.28.181.187,670735,0.00,153
104.28.231.94,335682,100.00,0
172.67.184.71,515906,0.10,167
104.19.94.63,686709,0.00,146
104.19.159.107,499113,0.10,146
104.19.239.37,420469,0.10,162
104.16.70.246,291855,0.00,178
104.16.124.206,166927,0.00,180
104.16.167.142,553999,0.00,158
104.16.178.233,435625,0.10,164
104.17.217.42,2191813,100.00,0
141.101.114.66,830823,0.10,179
172.67.41.48,305372,0.10,168
104.20.43.61,397122,0.00,199
104.22.63.6,291036,100.00,0
104.25.72.234,224271,0.20,167
104.25.95.6,532290,0.30,154
104.28.130.63,834452,0.20,179
104.24.138.108,321346,0.00,206
104.27.114.108,690805,0.20,148
104.28.222.92,474537,0.10,153
104.18.137.61,405668,0.10,165
104.19.27.159,634690,0.00,153
104.19.112.166,972952,0.10,159
104.19.221.125,435625,0.30,163
104.22.52.229,229186,100.00,0
104.28.237.58,562601,0.00,153
172.67.74.228,578574,0.00,212
172.67.22.16,502799,0.00,191
172.67.71.20,501980,0.20,188
172.67.163.93,299637,0.10,172
104.18.37.132,483548,0.10,156
104.19.243.24,204,0.00,202
104.27.68.215,521231,0.00,155
104.27.95.216,562191,0.30,153
104.28.160.225,1070995,100.00,0
104.28.233.3,580623,0.20,158
104.31.68.191,586767,0.10,203
172.64.130.91,493377,0.00,156
104.16.20.146,288578,0.40,152
104.16.168.206,623631,0.00,168
104.18.73.214,467983,0.10,140
104.25.180.194,501980,0.10,202
104.25.205.116,376233,0.00,149
104.18.143.21,453647,0.00,163
104.25.75.132,710840,100.00,0
104.25.89.248,673193,100.00,0
104.27.163.133,516316,0.00,161
172.67.134.53,491330,0.10,189
172.67.194.252,751281,0.10,174
104.16.77.31,610934,0.30,152
104.17.12.96,804886,0.00,145
104.18.58.182,493378,0.10,180
104.19.101.14,327490,0.00,175
104.21.195.178,308239,0.20,178
104.31.207.207,447503,0.20,264
104.17.104.68,1977577,0.10,154
104.17.97.180,391388,0.00,191
104.22.9.17,342236,0.20,164
104.24.91.57,430300,0.00,142
104.25.35.197,188636,100.00,0
104.21.89.69,324213,0.20,163
104.22.3.6,271785,0.50,162
104.23.142.132,377871,100.00,0
104.16.225.138,250485,0.10,159
104.18.135.132,579394,0.00,145
104.19.72.167,454057,100.00,0
104.20.201.86,0,0.10,149
104.20.230.186,527785,0.20,165
104.28.48.111,422108,0.10,190
104.26.7.48,1256801,100.00,0
162.159.224.202,431119,0.20,176
104.17.27.161,399990,0.10,178
104.17.172.142,331996,0.10,153
104.20.171.87,377461,0.30,155
104.21.79.39,442588,0.40,186
104.25.126.116,463887,0.10,204
104.23.124.156,210017,100.00,0
104.24.167.99,286530,0.00,169
104.25.66.140,372546,0.30,164
104.17.24.227,473717,0.10,159
104.18.49.205,292265,0.00,206
104.18.188.177,324623,0.00,163
104.19.40.238,532699,0.20,207
104.21.13.173,249666,0.00,150
104.17.65.55,226729,0.00,217
104.25.109.4,473718,0.00,161
104.27.66.72,540073,0.00,154
104.28.107.239,510991,0.20,205
104.28.132.41,600284,0.00,180
104.18.98.33,342646,0.00,179
104.19.217.187,434396,0.10,183
104.25.15.253,1330006,0.20,158
104.25.112.205,701455,0.20,149
104.27.151.209,381557,0.10,153
104.27.201.54,667049,0.20,169
104.31.245.233,373365,0.20,145
172.67.239.42,369679,0.00,235
104.16.10.241,535156,0.00,167
104.19.97.242,491740,0.00,180
104.19.211.182,423337,0.10,147
104.19.228.222,445045,0.00,164
104.20.181.229,343874,100.00,0
104.17.37.13,325033,0.00,152
104.17.210.32,492149,0.10,153
104.18.203.32,595778,0.20,154
104.27.15.82,454466,0.00,153
162.159.153.170,437671,100.00,0
104.19.79.8,375414,0.20,259
104.21.95.34,1206922,100.00,0
104.22.46.214,351657,0.00,188
104.22.68.68,196418,0.00,155
104.31.6.119,355343,0.10,152
104.28.229.47,375003,0.10,148
104.31.86.163,310697,0.10,210
172.67.99.226,294313,0.00,239
104.18.180.79,522460,0.10,153
104.20.66.64,420469,0.00,154
104.20.143.84,422517,0.30,163
104.20.227.223,256629,0.10,156
104.27.50.186,431529,100.00,0
172.67.156.34,386063,0.00,164
104.31.244.152,362716,100.00,0
172.67.85.77,452828,0.10,187
172.67.153.81,370498,0.10,178
104.16.121.98,505257,0.10,137
104.16.176.191,388111,0.30,151
104.21.7.74,303734,0.00,166
104.24.181.54,361077,0.20,174
104.25.37.94,385653,0.00,214
104.21.102.33,452828,0.20,177
104.27.104.178,293903,0.30,149
104.31.139.215,452828,0.10,158
104.16.248.173,555228,0.00,195
104.17.204.78,236559,0.00,154
104.19.223.214,469621,100.00,0
104.19.251.98,520002,0.20,166
104.20.60.203,217308,0.00,152
104.21.125.54,347151,100.00,0
104.25.199.49,402857,0.00,143
104.31.147.245,266460,0.00,223
172.67.33.106,487234,0.10,162
172.67.182.229,284073,0.00,201
104.16.78.121,321756,0.10,168
104.21.26.63,405314,100.00,0
104.24.34.36,360668,0.00,178
104.24.93.172,404085,0.10,183
172.67.136.220,570383,0.00,168
104.20.170.104,924108,100.00,0
104.21.11.182,416374,0.00,199
104.21.15.83,230415,0.10,169
104.24.47.7,478633,0.10,192
172.67.248.134,512220,0.10,188
104.27.111.147,368450,0.00,141
104.31.230.243,518774,0.20,164
172.67.93.29,429481,0.00,178
104.18.2.16,616258,0.10,168
104.19.226.38,377461,100.00,0
104.24.15.78,248437,0.10,148
104.25.142.85,452828,0.10,154
104.27.85.194,505257,0.00,202
172.67.168.207,579394,0.00,163
104.16.49.245,375414,0.30,195
104.18.59.191,479452,0.10,183
104.21.8.149,239016,0.40,218
104.28.161.249,213212,0.20,167
104.31.161.35,557276,0.10,180
104.24.4.165,204201,0.20,155
104.25.107.43,622812,0.00,141
104.31.10.215,554409,0.10,198
104.31.181.19,1157262,0.20,142
104.31.237.171,282025,0.20,179
104.16.157.119,471261,0.20,142
104.21.21.194,258678,0.30,159
104.27.24.154,433167,0.20,154
104.27.84.203,364764,0.00,198
104.16.22.43,420470,0.00,173
104.16.181.176,324214,0.00,164
104.16.245.253,555228,0.00,165
104.18.18.243,361078,0.40,198
104.25.232.168,177167,100.00,0
104.17.2.245,556048,0.00,156
104.18.110.11,574479,0.00,143
104.24.205.65,531881,0.10,191
104.25.169.199,492150,0.10,159
104.21.234.21,265641,0.30,148
104.25.211.229,421698,0.00,159
104.27.12.95,483138,0.00,158
104.16.151.241,359440,0.30,165
104.17.48.98,280386,0.00,207
104.17.109.20,300457,0.20,164
104.18.13.219,475764,0.10,180
104.20.186.183,405314,0.10,164
104.20.167.224,269737,100.00,0
104.22.20.86,1529892,0.10,159
104.16.79.1,488463,0.00,154
104.19.172.146,500341,0.10,165
104.20.100.64,504847,0.10,153
141.101.113.34,507305,0.20,144
172.67.24.7,456105,0.30,185
104.17.155.235,365583,0.00,149
104.28.204.57,473718,0.00,152
104.17.84.234,435625,0.30,161
104.25.115.206,424564,0.00,153
104.28.61.141,522050,100.00,0
104.18.205.132,754650,0.00,141
104.21.63.91,367220,0.20,189
104.24.1.87,300047,0.20,152
172.64.86.154,597417,0.00,159
172.64.170.37,301686,0.20,154
104.28.133.126,535977,0.20,148
172.67.124.132,196418,0.00,243
172.67.224.161,285302,0.10,231
104.18.159.128,509353,0.00,159
104.19.65.136,351247,100.00,0
104.19.192.151,474946,0.00,164
104.21.192.122,463068,0.10,152
104.24.157.88,241884,0.20,170
104.21.27.21,367222,0.10,159
104.21.52.174,510582,100.00,0
104.24.75.105,1862457,0.20,168
104.31.85.169,354934,0.10,168
162.159.250.224,385654,100.00,0
104.21.73.129,497475,0.20,167
104.27.157.86,520002,100.00,0
104.28.145.104,1266685,0.30,160
104.16.5.72,549492,100.00,0
104.16.242.8,335682,0.10,207
104.18.170.145,1288118,0.10,151
104.18.191.7,412,0.10,166
104.18.243.8,689575,0.20,160
141.101.121.98,368450,0.20,146
104.21.206.132,334044,0.10,203
104.27.139.228,268916,100.00,0
104.28.31.249,519184,0.10,157
104.28.149.209,488053,0.00,170
104.28.230.46,508534,0.20,164
104.31.190.125,497065,0.00,142
104.17.137.209,261135,0.10,194
104.19.148.161,771562,0.20,144
104.21.10.63,769296,0.00,150
104.22.6.24,1756135,0.00,208
104.22.49.221,268917,100.00,0
104.20.121.193,543759,0.10,153
104.20.199.191,433577,0.10,163
172.67.100.102,409820,0.10,177
172.67.250.193,431938,0.10,228
104.28.167.59,341007,0.20,155
172.67.246.84,351247,0.00,196
104.17.145.199,506895,0.10,155
104.17.234.210,315612,0.10,175
104.19.50.153,455696,0.30,141
104.22.25.162,101801,0.00,141
104.28.62.138,686709,0.20,192
162.159.201.120,0,0.20,168
104.16.46.89,292,0.10,0
104.17.206.1,1431371,0.10,154
104.20.34.111,722910,0.20,151
104.25.7.2,260316,100.00,0
104.25.155.208,350018,0.10,179
104.27.178.108,344694,0.00,164
104.17.10.224,258678,0.10,167
104.19.42.148,248028,0.20,143
104.22.62.126,355343,0.00,184
104.24.180.19,364764,0.20,158
104.27.56.255,907428,100.00,0
104.28.187.94,322165,0.30,176
104.16.25.54,422518,100.00,0
104.19.118.93,411049,0.30,157
104.19.137.135,453238,0.10,162
104.25.227.56,2058270,0.10,202
104.28.88.120,603970,0.10,162
104.16.24.248,280796,0.10,179
104.17.181.168,294722,0.00,153
104.19.36.218,500751,0.10,153
104.20.249.213,468393,0.30,163
172.64.107.130,295132,0.20,183
104.16.221.49,401218,0.10,206
104.18.101.142,809465,100.00,0
104.22.79.223,384425,0.20,153
104.27.202.84,348789,0.00,160
104.28.188.149,465935,0.10,153
172.67.118.216,315612,100.00,0
104.18.171.19,360,0.00,199
104.18.215.117,479862,0.10,172
104.19.9.82,407772,0.10,177
104.21.98.42,436854,0.10,144
104.25.2.63,459381,100.00,0
104.20.28.187,315202,0.30,143
104.20.200.105,419650,0.00,165
104.24.142.187,414326,0.00,159
104.16.0.187,235738,100.00,0
104.16.45.127,261545,0.40,146
104.16.143.172,339778,0.30,152
104.16.202.232,483957,100.00,0
104.19.229.193,840692,100.00,0
104.27.113.241,470850,0.20,179
104.28.58.193,437262,0.00,154
172.67.147.57,383196,0.00,195
104.18.156.6,275062,0.00,173
104.19.28.145,360258,0.20,144
104.20.62.116,322575,0.10,189
104.27.193.41,393436,0.00,181
162.159.222.101,1206532,0.00,193
172.67.140.255,375004,0.10,208
104.16.233.132,527785,0.10,162
104.17.115.149,325442,0.00,164
104.20.5.123,586357,0.00,153
104.27.36.88,449141,100.00,0
104.27.103.87,2164477,0.00,193
104.21.31.81,443407,0.30,152
104.24.132.192,433986,100.00,0
104.25.157.97,266460,0.10,145
104.28.23.71,775911,0.10,144
104.18.221.243,420470,0.20,152
104.25.123.187,264002,0.10,158
104.26.10.101,363535,0.10,175
104.17.94.218,952236,0.20,204
104.20.130.63,409820,0.00,177
104.20.154.71,439721,0.30,178
104.27.91.61,420470,0.00,178
104.31.186.3,336911,0.10,152
104.25.99.80,522460,0.10,151
104.27.147.243,2037210,0.00,174
104.28.11.178,435625,0.00,184
104.19.185.231,436853,100.00,0
104.22.5.81,653122,0.10,153
104.22.71.201,227548,0.10,167
104.24.118.41,422518,0.00,0
104.24.248.248,450370,0.00,177
104.28.89.244,1113959,0.00,163
104.28.186.179,440540,0.00,149
104.31.178.135,623631,0.10,142
104.31.193.37,375004,100.00,0
104.24.65.72,347970,100.00,0
104.25.21.96,435215,0.20,0
104.25.139.161,327081,0.10,149
104.18.89.41,300047,0.00,178
104.19.68.40,509353,0.00,141
104.19.82.148,633462,0.20,162
104.20.220.54,427023,100.00,0
104.24.40.63,268917,0.00,151
141.101.122.89,277519,0.40,144
162.159.232.179,460201,0.40,150
104.18.162.18,446684,0.10,143
104.20.152.174,570793,0.20,158
104.24.29.243,436853,0.00,191
104.24.135.238,1401270,0.10,178
104.27.40.148,273833,0.00,163
104.27.133.105,299636,0.00,245
104.31.133.107,354934,0.30,147
104.17.53.226,293903,0.20,148
104.19.178.3,420469,0.20,238
104.24.24.118,449961,0.00,155
104.24.70.222,197647,0.00,194
104.25.20.215,554409,0.10,161
172.64.76.106,703503,0.30,164
172.67.63.178,407772,100.00,0
172.67.191.86,538433,0.00,184
104.18.174.187,567516,0.00,155
104.19.154.64,604790,0.10,156
104.24.251.16,479042,0.00,172
104.25.196.185,664182,0.20,152
172.64.69.213,386473,0.30,165
104.18.97.174,422,0.20,147
104.28.68.72,252124,0.00,142
104.28.166.163,435625,0.10,188
104.31.145.213,537615,0.00,174
172.64.85.224,322985,100.00,0
104.21.32.155,308649,0.10,190
104.24.162.194,312335,0.00,228
162.159.246.40,1425627,0.20,145
172.67.31.165,371727,0.00,156
104.23.134.68,277929,0.40,151
104.25.242.71,373366,0.10,182
104.27.120.90,347151,0.10,188
104.17.25.85,368450,0.20,143
104.17.253.253,493378,100.00,0
104.18.36.106,375413,0.10,139
104.19.58.126,407772,0.00,170
104.21.83.97,280796,0.30,160
104.27.200.38,510172,0.10,139
104.31.157.0,549084,0.10,153
172.64.37.206,487234,0.10,209
190.93.245.223,526556,0.00,197
104.19.237.220,446273,0.20,155
104.20.177.209,873718,100.00,0
104.17.156.204,310287,0.20,184
104.18.19.229,463478,0.10,146
104.20.183.175,359849,0.00,213
104.25.34.150,474946,0.00,0
104.25.226.161,247209,0.10,174
104.28.4.247,570383,0.10,168
104.31.194.79,632233,0.00,165
104.16.60.156,284073,100.00,0
104.19.16.195,541302,0.30,154
104.24.32.140,434396,0.00,167
104.25.76.62,567926,0.30,229
104.25.100.254,419649,0.00,154
104.17.183.142,467573,0.10,151
104.21.93.202,380738,0.40,151
104.24.125.51,39159,100.00,0
172.67.6.229,253761,0.30,168
104.21.108.100,296361,0.00,191
104.24.223.217,379100,0.00,151
104.25.50.191,259906,100.00,0
104.16.231.221,702274,0.00,178
104.18.75.42,315202,0.10,179
104.18.160.110,601922,0.10,144
104.20.63.160,439721,0.00,158
104.20.236.205,241884,100.00,0
104.25.164.174,354934,0.30,203
104.27.198.74,469622,0.20,161
104.24.120.111,218127,0.00,170
104.24.171.7,474127,0.10,181
104.17.208.53,369678,0.20,154
104.20.59.172,1643687,0.30,177
104.20.71.97,313973,0.10,150
104.21.88.107,412278,0.20,148
104.17.73.193,447093,0.20,155
104.18.80.252,331586,0.40,214
104.24.245.102,481089,0.00,188
104.31.75.170,556046,0.30,152
104.23.103.5,1286102,0.20,158
104.16.6.164,497473,0.00,165
104.16.31.165,443407,0.10,205
104.17.185.49,342236,0.10,168
104.19.8.4,561782,0.20,156
104.21.47.216,149724,100.00,0
104.27.138.188,317658,100.00,0
172.64.90.117,520002,0.10,152
104.16.17.15,408591,0.20,182
104.18.206.59,510992,0.20,153
104.19.117.31,461020,0.00,165
104.21.112.49,658447,0.00,149
104.22.34.251,314383,100.00,0
104.18.147.252,536796,0.00,191
104.20.174.222,312745,100.00,0
162.159.219.47,642063,100.00,0
172.64.65.138,304552,0.10,185
104.31.137.166,351657,0.30,157
172.67.27.213,369679,0.00,142
104.20.221.98,411458,100.00,0
104.24.99.207,447093,0.10,142
104.25.136.71,375004,0.10,144
104.25.234.162,411049,0.10,193
104.27.148.221,406133,0.00,149
104.24.58.75,508943,100.00,0
104.27.109.78,733140,100.00,0
172.67.86.170,643701,0.30,159
104.16.94.163,292674,100.00,0
104.16.185.151,350428,100.00,0
104.19.173.28,474946,0.00,216
104.22.47.178,213622,100.00,0
104.23.109.81,324623,0.10,162
104.24.37.81,520821,0.00,0
104.25.220.8,377871,0.10,170
104.27.43.171,515906,0.20,155
172.64.83.196,669097,0.00,174
104.22.56.205,383194,0.20,170
104.23.113.113,0,0.10,177
104.27.37.27,443407,0.20,179
104.19.87.145,341007,100.00,0
104.20.32.210,386063,0.00,141
104.20.74.43,429890,0.20,152
104.20.104.204,430300,0.00,174
104.21.40.180,207068,0.20,165
104.31.142.26,687120,0.00,147
172.67.96.160,414325,0.10,177
104.16.241.220,457333,0.10,144
104.21.120.58,335682,0.30,160
104.25.163.116,2127677,0.00,157
104.25.152.168,418012,0.30,179
104.27.155.10,193142,0.00,217
104.24.247.61,380738,0.00,158
104.25.198.13,437263,100.00,0
104.28.134.18,574479,0.10,225
104.17.54.66,1440377,0.10,197
104.17.129.166,366402,0.30,154
104.19.164.194,580623,0.10,154
104.22.65.41,1147822,0.20,162
104.24.50.192,446274,0.10,179
104.24.48.214,440540,0.00,154
172.64.84.211,424564,0.00,186
172.67.67.111,352476,0.20,153
104.18.196.245,10,0.20,140
104.19.88.211,387702,100.00,0
104.20.252.214,868847,0.30,159
104.22.73.3,224271,0.00,204
104.23.123.56,278748,0.00,152
104.23.110.153,393026,100.00,0
104.25.70.142,422108,0.00,164
104.25.176.152,476585,0.20,140
104.27.16.39,796023,0.00,178
104.31.143.11,459792,0.00,154
104.18.105.241,482729,100.00,0
104.18.164.167,843795,0.10,194
104.24.67.158,452009,0.20,158
104.25.87.147,324623,0.20,159
172.64.102.215,601922,0.20,152
172.64.194.215,263183,0.10,195
104.19.181.103,319298,0.10,231
104.19.204.167,498703,0.00,180
104.20.139.228,418831,0.40,166
104.24.100.9,403266,0.00,166
162.159.214.117,517135,0.20,171
104.23.98.126,345103,0.00,178
104.27.142.144,768776,0.30,283
172.67.50.232,347561,0.20,203
104.16.207.48,394255,0.00,141
104.17.154.94,474127,0.00,189
104.18.125.62,257038,0.10,143
104.18.177.15,384015,100.00,0
104.19.124.156,522050,0.30,168
104.16.128.247,148986,0.10,149
104.16.238.175,637967,0.00,200
104.17.166.91,207,0.00,179
104.17.248.42,427433,0.00,149
104.17.162.251,269737,0.10,166
172.64.200.4,637557,0.10,163
104.17.116.86,258677,0.20,157
104.18.252.90,476175,0.10,164
104.19.214.205,596188,0.00,165
104.27.20.158,415964,0.10,162
104.27.164.78,300866,0.10,156
172.67.234.51,392617,0.10,189
104.16.189.157,2193,0.00,159
104.17.223.199,361487,0.00,197
104.17.254.38,429071,0.10,153
104.19.47.132,516726,0.10,163
104.24.105.196,153820,0.00,142
104.24.174.95,237378,0.20,142
104.25.56.244,421289,0.10,154
104.25.247.74,498294,0.10,168
104.19.157.209,388112,100.00,0
104.19.250.172,489692,0.20,154
104.20.214.133,381557,0.00,163
104.21.64.21,369680,0.00,162
104.21.75.207,697360,0.00,195
104.31.206.62,354524,0.10,220
162.159.193.232,424154,100.00,0
172.64.64.225,377052,0.10,184
104.16.34.247,402855,0.00,188
104.19.66.134,248847,0.10,172
104.24.51.8,2042397,0.00,164
104.24.152.7,540892,0.10,0
104.24.164.10,577346,0.00,174
104.25.193.175,438902,0.00,158
104.28.245.28,499932,0.10,162
162.159.242.191,755466,0.20,164
104.19.54.209,667458,0.20,148
104.20.72.205,643292,0.00,146
104.22.66.66,0,0.10,148
104.24.33.150,481500,0.10,165
104.24.82.162,248437,0.10,154
172.67.10.42,272194,0.00,155
172.67.130.204,348789,0.10,0
172.67.221.111,243523,0.10,0
104.16.144.154,413097,0.10,166
104.28.47.138,556457,0.00,217
104.16.175.123,529833,0.10,156
104.18.111.189,297589,0.30,153
104.28.224.100,583900,0.00,172
172.64.198.157,522870,0.30,155
104.19.81.88,417602,0.00,149
104.21.217.178,482729,0.40,159
104.27.99.150,469212,0.20,152
104.28.177.242,431119,0.00,150
104.31.83.219,558096,0.10,147
104.21.77.161,691216,0.10,148
104.21.215.215,224271,0.30,160
104.24.182.104,791056,100.00,0
104.17.134.150,324623,0.30,142
104.17.231.176,356162,0.10,166
104.17.235.227,273013,0.10,193
104.19.30.27,510991,0.20,185
104.21.59.18,427842,0.20,147
172.67.157.92,88693,0.20,160
172.67.244.2,519593,0.00,200
104.24.229.220,409820,0.10,169
104.25.228.176,501570,0.10,143
104.26.0.99,904572,0.10,199
104.27.54.107,493377,0.00,179
172.67.62.146,415964,0.00,144
104.31.158.83,1441285,0.00,200
172.67.29.78,1640750,0.10,153
104.16.48.73,433577,100.00,0
104.18.138.242,424974,0.00,163
104.19.48.184,379510,0.00,158
104.20.119.146,486825,0.00,166
104.28.157.57,481500,0.10,190
162.159.217.230,337321,0.00,182
172.67.120.212,276290,0.00,141
104.17.212.166,414326,0.10,162
104.17.222.174,500341,100.00,0
104.17.246.21,466754,0.20,154
104.24.49.239,310287,100.00,0
104.25.38.121,377462,0.10,141
104.16.117.62,396303,0.10,180
104.17.238.154,406953,0.20,153
104.19.189.229,373365,0.20,152
162.159.195.109,371725,0.20,252
104.28.12.156,645749,0.00,154
104.31.94.16,663772,100.00,0
104.31.134.37,610115,0.00,188
104.16.102.122,312335,0.00,218
104.17.35.31,309468,0.10,155
104.20.98.113,470031,0.00,178
104.20.239.164,56745,0.30,178
104.24.131.144,307829,0.10,179
162.159.209.253,1615258,0.20,179
104.18.1.240,471668,100.00,0
104.25.172.139,673602,100.00,0
104.27.188.242,501161,0.00,147
104.27.207.74,577346,0.10,154
104.28.84.212,563829,0.00,186
104.28.85.12,605199,0.00,168
104.18.245.228,435215,0.10,218
104.22.14.254,386064,0.10,162
104.25.10.79,595367,0.30,153
104.25.173.10,669097,0.00,180
104.27.28.109,242703,0.00,145
104.25.23.151,448322,0.40,158
104.28.18.45,450371,0.10,168
104.31.14.74,604790,0.30,165
1.1.1.15,307418,0.00,155
104.17.13.200,309059,100.00,0
104.19.25.175,456105,100.00,0
104.19.123.11,346741,0.30,145
104.24.124.24,361487,0.10,158
104.31.169.52,354114,0.00,198
162.159.131.10,1125769,0.20,230
162.159.234.131,420060,0.10,167
104.28.249.208,311925,100.00,0
162.159.225.209,507305,100.00,0
104.16.39.202,489692,0.00,166
104.19.133.27,2209935,0.20,178
104.19.254.89,368041,0.00,154
104.24.10.232,316022,0.10,173
104.24.236.239,1092883,0.00,159
104.16.212.172,999236,100.00,0
104.17.69.197,432757,0.20,155
104.17.98.130,2251,0.10,188
104.17.136.173,210754,100.00,0
104.25.177.157,335273,0.10,164